"Gene",Control_1,Control_2,Control_3,Case_1,Case_2,Case_3
"A2M",6,20,27,4,1,2
"AARS",59,71,41,32,78,46
"ABCA12",1,0,0,1,0,0
"ABCA5",94,54,80,119,204,97
"ABCC11",1,1,1,0,0,0
"ABCC6P2",0,0,0,1,0,0
"ABCD2",5,10,19,3,1,4
"ABCD4",48,40,42,45,64,45
"ABCF2",160,131,154,129,224,118
"ABHD10",29,27,57,49,93,41
"ABHD11",1,12,21,2,9,9
"ABHD14A",2,4,1,1,0,1
"ABHD16B",11,6,2,9,1,3
"ABHD4",78,74,37,34,28,37
"AC002116.7",1,2,1,0,0,0
"AC003102.3",0,0,0,0,4,0
"AC005594.3",9,4,5,19,19,12
"AC007773.2",1,1,10,0,1,1
"AC007879.2",8,7,2,7,11,12
"AC022007.5",4,2,10,3,5,4
"AC074286.1",5,9,11,9,3,2
"AC093391.2",3,4,12,4,3,5
"AC096559.1",0,0,1,1,0,0
"AC098823.3",0,1,1,0,0,0
"AC107622.1",0,0,0,0,3,2
"AC159540.1-2",173,56,141,56,99,89
"ACACB",63,80,122,27,50,33
"ACAT1",65,60,43,32,68,39
"ACAT2",249,214,174,98,80,82
"ACO1",68,60,66,25,39,21
"ACOT7",22,31,11,5,3,2
"ACP2",10,13,9,8,9,7
"ACP6",6,6,5,1,2,3
"ACPT",0,0,0,0,1,0
"ACSF2",18,22,34,6,5,3
"ACTA2-AS1",2,1,1,0,1,0
"ACTN4",471,669,591,181,192,171
"ACTR3B",18,14,5,18,36,12
"ACTR3C",8,2,5,5,5,6
"ACVR2B-AS1",0,0,3,0,1,0
"ADAMTS14",0,0,2,0,0,0
"ADAMTS2",1,0,0,0,0,0
"ADAMTS4",1,0,0,0,0,0
"ADAMTS8",0,0,0,1,0,0
"ADAT1",26,43,33,48,71,38
"ADAT3",6,5,6,3,1,1
"ADC",4,5,17,0,2,0
"ADCK3",129,116,200,113,143,111
"ADCK4",8,5,15,4,2,5
"ADCY9",136,217,94,12,14,15
"ADD3",1566,1548,2057,538,815,743
"ADSSL1",3,5,0,0,0,1
"AEN",109,60,82,79,82,140
"AFTPH",962,729,646,669,814,551
"AGAP2-AS1",7,11,8,6,6,3
"AGAP3",187,103,44,39,45,22
"AGAP5",15,4,3,19,22,14
"AGBL5",40,32,43,29,25,25
"AGO2",530,396,413,784,1006,992
"AGO4",230,341,405,123,80,78
"AHCYL1",520,526,372,196,287,123
"AK4",52,27,3,9,9,4
"AKAP1",117,114,78,83,121,115
"AKIP1",15,4,11,1,9,2
"AKIRIN1",957,753,604,417,447,409
"AKR1C2",0,0,3,0,0,0
"ALDH5A1",45,19,27,9,20,7
"ALDH9A1",155,150,202,118,195,219
"ALG10",25,13,52,33,42,28
"ALG2",200,183,278,198,234,179
"ALK",3,4,0,3,2,1
"ALKBH8",35,31,57,24,60,26
"ALOX12P2",1,4,2,0,1,0
"ALOX5",257,252,354,247,182,263
"ALPK1",86,63,84,40,32,50
"AMDHD2",8,11,14,27,16,38
"AMIGO2",37,20,29,17,7,18
"AMOTL2",0,1,0,0,0,0
"AMPH",5,7,2,0,1,0
"AMY2A",0,0,0,0,1,0
"ANAPC10",22,21,19,46,40,45
"ANAPC15",32,30,39,28,13,28
"ANAPC7",52,65,63,71,136,80
"ANGEL1",41,42,19,39,72,22
"ANK1",32,12,24,41,33,39
"ANKAR",21,14,46,25,39,44
"ANKDD1B",0,0,1,0,2,0
"ANKLE1",21,26,32,14,8,3
"ANKRD16",10,5,6,6,11,4
"ANKRD34A",5,5,17,3,3,2
"ANKRD44",1717,957,1792,471,713,578
"ANKRD49",46,26,81,153,95,131
"ANKS4B",0,1,11,2,4,2
"ANKS6",19,15,23,28,37,24
"ANO10",18,18,19,4,4,4
"ANO2",0,0,1,0,1,2
"ANTXRLP1",14,11,28,10,53,9
"AP000688.14",0,0,0,1,0,0
"AP1G1",2142,1640,1724,1363,1458,1404
"AP1S1",0,0,2,0,0,0
"AP3S1",83,87,143,59,78,74
"APAF1",369,454,371,87,133,75
"APC",544,615,484,452,552,421
"APH1B",84,85,95,61,103,34
"APOA4",0,0,2,0,0,0
"APOBEC3B",5,26,9,10,1,2
"APOM",9,7,1,22,21,20
"ARFGAP3",452,365,275,162,140,133
"ARHGAP15",498,358,512,194,249,274
"ARHGAP25",1233,424,873,1219,1503,1583
"ARHGAP26-AS1",4,0,2,1,0,0
"ARHGAP33",1,6,9,0,1,6
"ARHGAP39",1,1,4,0,3,15
"ARHGAP5",457,369,548,437,518,529
"ARHGAP5-AS1",4,6,0,3,2,2
"ARHGEF1",392,374,477,197,243,198
"ARHGEF10",17,29,7,7,10,19
"ARHGEF25",0,2,0,0,0,0
"ARHGEF37",1,0,1,1,4,0
"ARL13A",1,1,0,0,4,2
"ARL14EP",111,81,97,172,109,157
"ARL14EPL",2,0,0,2,2,1
"ARL2BP",132,122,196,156,150,192
"ARL3",20,19,4,15,24,8
"ARL9",2,0,1,1,4,2
"ARMC5",90,95,129,39,44,46
"ARMC9",4,2,0,0,1,2
"ARPC1A",49,41,89,64,105,61
"ARPC3",573,602,601,280,401,286
"ARRDC3-AS1",5,2,10,3,8,5
"ARSD",68,48,67,6,10,8
"ARTN",0,1,0,1,0,0
"ASAP1-IT1",71,24,6,16,15,3
"ASB11",2,0,0,0,1,0
"ASB3",24,16,20,25,29,24
"ASGR2",29,24,3,0,2,0
"ASH1L-AS1",32,24,21,14,19,28
"ASL",48,40,21,34,20,15
"ASXL1",860,424,757,694,754,638
"ATCAY",0,0,1,1,0,0
"ATG2B",549,375,616,562,630,477
"ATG4A",38,39,65,41,50,27
"ATHL1",110,107,154,128,108,86
"ATP10D",520,1395,2556,159,231,151
"ATP1A2",0,1,1,0,0,0
"ATP2A3",490,313,489,432,511,462
"ATP5E",32,24,14,7,17,12
"ATP5I",23,41,44,33,32,31
"ATP5J",95,117,177,76,85,79
"ATP5L2",2,0,0,2,0,4
"ATP6V0CP3",0,0,0,0,0,1
"ATP6V0E2-AS1",2,2,10,1,1,2
"ATP9A",25,22,24,28,10,16
"ATRAID",72,45,138,61,69,89
"ATXN1",120,174,200,27,47,21
"ATXN2L",616,526,729,347,482,320
"ATXN7L3B",309,262,469,550,394,480
"AUP1",368,239,175,272,258,292
"AXIN1",106,110,109,93,61,69
"AZIN1",875,964,557,433,432,488
"AZU1",1,4,0,1,0,0
"B3GALT6",64,19,23,34,70,41
"B3GNT5",574,570,177,316,149,72
"B4GALT5",1085,771,591,410,244,288
"BABAM1",68,50,68,29,55,39
"BAG5",416,243,414,461,419,491
"BAG6",387,332,403,194,201,203
"BAIAP2-AS1",4,16,10,2,1,0
"BANF1",152,69,75,49,66,69
"BANP",134,118,76,131,241,133
"BATF",13,12,7,3,13,4
"BBS12",6,1,4,6,5,12
"BBS4",21,23,11,26,37,32
"BCL2L11",1323,865,798,2548,3671,4044
"BCL2L13",183,222,85,87,134,56
"BCL3",378,532,261,217,224,168
"BCL6",1713,1251,1689,872,516,796
"BCO2",8,8,0,1,1,1
"BCRP2",1,7,3,1,1,1
"BEAN1",0,0,0,0,2,0
"BEST2",0,0,0,0,0,1
"BET1L",149,119,121,211,261,187
"BEX4",66,86,67,110,81,113
"BFAR",186,142,168,140,306,133
"BHLHB9",4,4,11,0,2,2
"BHLHE22",0,0,1,0,1,0
"BIN2",526,894,676,140,94,171
"BIN3",49,30,64,43,44,52
"BIRC2",1467,956,927,657,820,965
"BLNK",317,156,237,96,95,130
"BLOC1S2",140,94,102,181,156,142
"BLVRA",79,87,48,19,14,13
"BMP2K",882,426,1011,586,939,670
"BMP6",48,33,4,33,50,35
"BMPR1B",0,2,1,0,0,0
"BMX",1,15,4,1,0,0
"BNC2",24,66,4,6,0,15
"BOLA1",5,1,0,1,4,0
"BORA",45,37,58,32,106,51
"BRCC3",56,87,31,64,111,58
"BRD7",210,151,121,176,212,252
"BRF2",5,24,3,10,14,8
"BRIP1",11,14,28,8,8,8
"BRPF1",103,98,154,132,118,116
"BSCL2",7,2,7,2,7,0
"BTBD10",85,86,69,101,99,107
"BTLA",164,39,224,205,440,208
"BTN3A1",398,546,732,258,334,328
"BTN3A3",101,156,135,75,79,51
"BUD13",49,58,55,90,90,102
"BVES",0,0,0,1,0,1
"C10orf25",11,5,0,5,6,1
"C10orf71",0,0,2,0,0,0
"C11orf68",15,8,41,14,18,8
"C11orf74",4,15,1,1,1,1
"C11orf80",69,10,49,14,27,36
"C11orf83",15,11,2,8,13,12
"C11orf91",0,0,0,0,0,1
"C12orf57",29,23,56,28,13,23
"C12orf71",1,4,16,3,5,2
"C12orf77",1,0,0,0,0,0
"C14orf119",177,175,163,45,117,41
"C15orf40",23,16,11,34,50,32
"C15orf54",10,2,1,7,12,9
"C16orf46",6,2,8,1,13,5
"C16orf74",8,2,4,11,18,7
"C16orf82",0,0,0,1,0,0
"C16orf86",2,1,0,0,0,0
"C16orf87",35,23,14,29,13,18
"C16orf95",2,2,2,1,0,0
"C17orf62",96,71,186,74,206,99
"C17orf70",9,7,28,5,12,8
"C18orf8",244,222,222,193,164,168
"C19orf25",11,6,0,2,13,4
"C19orf40",2,0,3,4,10,2
"C19orf43",246,182,236,173,192,143
"C19orf71",18,29,4,10,9,3
"C1GALT1C1",5,3,9,3,6,1
"C1orf100",0,1,1,0,0,0
"C1orf173",1,2,0,0,4,0
"C1orf192",1,1,1,1,2,2
"C1orf233",4,5,0,0,1,1
"C1orf27",199,222,241,200,215,192
"C1orf35",21,13,22,12,28,15
"C1orf50",10,3,17,10,26,19
"C1orf56",294,335,685,161,144,196
"C20orf173",0,0,8,0,0,0
"C20orf195",7,0,1,7,13,3
"C21orf128",0,1,0,0,0,0
"C22orf31",0,0,0,0,0,1
"C2CD2L",36,48,26,5,7,9
"C2CD4D",0,0,0,1,1,0
"C2orf16",6,6,35,3,3,1
"C3orf14",2,9,13,2,11,1
"C3orf52",17,8,25,15,12,13
"C3orf65",3,1,0,0,0,0
"C3orf83",0,0,0,0,1,0
"C4B",0,0,0,0,2,0
"C4BPB",0,0,4,5,0,6
"C4orf45",0,1,0,0,0,0
"C6orf120",204,115,207,217,230,254
"C7orf13",8,3,17,5,9,3
"C7orf57",0,3,0,1,0,0
"C7orf73",70,64,152,32,69,41
"C8orf4",0,0,1,0,0,0
"C8orf76",21,19,41,34,23,18
"C8orf82",11,5,10,2,2,2
"C9orf152",2,1,0,7,0,2
"C9orf163",2,1,1,1,2,1
"C9orf40",22,10,11,8,16,11
"C9orf66",22,44,55,11,19,11
"C9orf69",11,16,31,6,14,12
"C9orf84",1,0,0,0,0,0
"C9orf85",24,30,22,14,34,29
"CA1",3,0,1,24,1,22
"CA2",76,90,45,28,26,38
"CA8",14,106,289,9,5,5
"CA9",0,0,1,1,0,2
"CABLES2",47,72,46,34,39,36
"CACNA1B",0,0,0,1,1,0
"CACNA1C",2,4,3,1,2,1
"CACNA2D3",26,80,13,2,2,0
"CACNG6",2,21,61,1,0,0
"CACTIN",11,12,20,16,31,26
"CAD",58,19,97,49,90,48
"CALCOCO2",286,283,315,165,150,120
"CALM1",3361,3241,4260,2657,2309,2795
"CAMTA1",209,132,154,142,90,122
"CAPN10-AS1",14,22,95,18,25,7
"CAPN7",338,222,398,231,344,232
"CAPZA1",1334,1211,1293,782,958,769
"CARD6",37,56,16,21,13,11
"CASP14",0,0,0,0,0,3
"CASP4",333,352,361,154,145,180
"CASP6",9,18,15,5,19,8
"CASP7",92,64,68,76,69,135
"CATSPER2",11,11,0,7,7,2
"CAV2",1,6,9,1,0,1
"CBFA2T3",238,201,228,113,236,124
"CBFB",311,259,354,247,290,244
"CBX1",225,186,151,227,375,227
"CBX2",0,2,0,1,0,0
"CBX7",67,47,78,38,93,45
"CC2D2B",13,10,7,5,7,11
"CCBL2",54,57,30,59,60,56
"CCDC105",0,0,1,0,0,0
"CCDC108",1,1,0,0,0,0
"CCDC110",1,1,0,5,12,2
"CCDC117",646,475,481,144,190,127
"CCDC141",397,108,466,174,250,246
"CCDC146",66,56,135,43,38,45
"CCDC17",36,28,13,8,23,7
"CCDC171",19,19,4,9,8,9
"CCDC174",202,171,205,183,196,139
"CCDC28B",20,14,62,7,18,9
"CCDC33",0,1,1,0,0,0
"CCDC40",0,1,3,2,0,0
"CCDC42",0,0,0,1,0,1
"CCDC47",591,483,510,415,517,372
"CCDC53",24,21,21,30,35,31
"CCDC54",0,0,1,0,0,0
"CCDC58",5,9,7,14,25,16
"CCDC71",1,3,4,3,4,7
"CCDC73",43,48,56,51,33,52
"CCDC74A",1,0,0,1,0,0
"CCDC85A",1,0,1,0,1,0
"CCDC85C",48,36,77,34,39,45
"CCDC86",22,36,28,37,42,44
"CCL7",16,15,0,173,42,29
"CCNG2",399,525,943,181,127,144
"CCNH",613,477,483,190,309,242
"CCNJ",89,75,124,129,140,86
"CCNT1",2040,1268,1849,1082,1061,1285
"CCP110",193,133,137,237,233,205
"CCR1",242,131,46,198,71,29
"CCR10",0,0,4,0,0,0
"CCR7",3486,1602,2010,1609,2161,1817
"CD200",51,3,27,137,167,148
"CD209",6,7,61,0,1,0
"CD248",3,6,48,2,7,3
"CD28",30,211,352,29,21,14
"CD3D",4,41,47,5,3,5
"CD40",520,130,209,218,305,219
"CD5",32,178,231,54,31,30
"CD74",18914,13241,13688,15198,16041,17581
"CD82",76,52,57,76,118,85
"CDC123",261,241,330,327,421,297
"CDC23",49,50,72,104,116,87
"CDC27",326,261,426,353,402,386
"CDC42BPB",187,74,64,59,132,96
"CDC42SE2",2109,1641,2496,2810,2873,2742
"CDC5L",467,437,455,455,468,490
"CDCA2",6,14,22,3,4,3
"CDCA4",57,96,29,22,39,30
"CDHR1",3,13,7,1,2,2
"CDHR3",1,6,15,1,8,2
"CDHR5",0,8,2,0,0,1
"CDO1",0,0,2,0,0,1
"CDV3",1741,2038,1794,1767,1674,1583
"CECR7",5,6,8,9,34,10
"CELF1",1168,905,960,889,1124,659
"CELSR2",9,15,9,2,4,7
"CELSR3",16,8,18,13,7,11
"CENPF",54,254,92,23,24,27
"CENPK",2,2,6,6,4,3
"CENPV",9,5,6,6,17,11
"CEP152",190,113,112,106,124,97
"CEP72",18,5,16,9,19,12
"CEP85L",251,233,301,163,113,221
"CERCAM",1,4,0,4,1,2
"CERKL",176,243,305,74,61,63
"CERS3",1,1,0,0,0,0
"CETN2",47,51,66,24,23,23
"CETP",2,3,0,3,5,1
"CFLAR",4438,5026,2586,778,1279,964
"CGGBP1",496,315,458,372,415,366
"CHAC1",5,17,8,5,6,0
"CHCHD3",129,102,93,27,24,36
"CHD6",871,693,602,799,1146,720
"CHFR",82,96,139,127,140,89
"CHN1",3,7,11,5,7,5
"CHRM4",1,1,2,3,0,3
"CHRNA1",3,3,2,0,2,0
"CHRNA10",16,19,4,16,14,4
"CHRNA7",0,1,0,1,0,1
"CHRNA9",1,2,0,1,0,0
"CHST10",68,13,19,91,134,87
"CHST6",0,0,0,1,1,0
"CISD1",23,31,19,9,31,6
"CISD2",125,96,153,97,128,113
"CKAP2L",12,23,6,3,3,1
"CKAP4",372,362,249,190,319,317
"CKB",7,21,21,7,1,5
"CKM",0,0,1,0,1,1
"CKS1B",37,28,39,6,9,9
"CLASP1",988,997,1331,560,628,490
"CLC",102,951,2089,18,11,35
"CLCF1",209,128,120,108,131,90
"CLDN10",0,1,1,0,0,1
"CLEC17A",98,32,73,155,380,164
"CLEC4D",38,69,30,12,4,4
"CLEC4F",2,17,11,1,0,0
"CLEC5A",362,201,28,112,155,23
"CLEC6A",17,15,3,0,0,0
"CLIC5",12,13,16,16,9,10
"CLLU1",1,2,0,1,0,0
"CLN5",107,70,95,84,97,69
"CLNK",9,9,6,4,0,0
"CLNS1A",152,112,127,76,153,89
"CLPP",10,8,16,6,9,8
"CLPX",108,103,103,145,187,84
"CLSPN",30,33,36,9,11,11
"CLTA",114,99,123,31,74,43
"CLTB",50,57,67,40,28,21
"CLUL1",0,1,1,1,0,0
"CLYBL",12,8,6,3,5,5
"CMC2",172,147,130,84,80,78
"CMIP",148,158,224,85,102,101
"CMPK2",16,34,10,13,5,19
"CMTM4",22,30,40,13,11,5
"CNDP2",368,469,296,204,247,140
"CNGA3",0,0,2,0,0,0
"CNIH1",113,65,76,124,115,103
"CNIH4",73,82,71,71,73,65
"CNOT7",223,177,257,249,303,280
"CNOT8",293,194,274,239,244,251
"CNP",142,140,203,80,167,69
"CNTN1",0,0,3,0,0,0
"CNTNAP2",312,19,247,97,38,69
"COA3",7,11,5,6,21,14
"COG1",59,52,47,62,58,45
"COL12A1",2,2,1,0,0,1
"COL1A1",28,13,64,187,280,186
"COL5A3",3,3,0,0,0,0
"COL9A2",8,16,3,14,17,15
"COLEC11",0,0,1,0,0,0
"COPA",738,684,472,839,734,716
"COPS7B",91,80,109,153,195,118
"CORO7-PAM16",0,1,0,0,0,0
"COX10",16,19,29,27,53,34
"COX16",0,3,4,8,4,8
"COX20",426,317,392,230,324,207
"CPLX4",1,0,0,0,0,0
"CPN2",0,1,0,0,0,0
"CPNE1",177,190,140,116,171,93
"CPNE7",0,1,0,0,0,0
"CPT1A",174,187,121,12,65,25
"CPT1C",0,0,0,0,1,0
"CPT2",10,13,5,12,16,10
"CPVL",719,757,201,122,59,31
"CREB5",126,137,130,55,22,36
"CREBRF",1221,1016,874,359,369,416
"CREBZF",470,273,524,398,476,420
"CREG1",706,664,509,181,140,143
"CRIP1",118,108,229,28,53,49
"CRKL",832,711,893,565,771,448
"CROCCP2",12,12,18,15,38,13
"CRYBG3",117,245,240,74,104,40
"CRYL1",17,27,15,3,7,3
"CRYM",8,6,4,29,23,41
"CSNK1D",1037,986,1007,735,777,745
"CSNK1E",135,83,149,99,123,72
"CSNK1G3",269,161,268,422,383,503
"CSNK2A1",290,337,326,356,420,381
"CSRNP1",934,1015,967,527,210,523
"CTAG2",0,0,0,0,1,0
"CTAGE7P",3,4,7,8,15,4
"CTAGE8",4,3,3,5,3,1
"CTB-113P19.1",0,0,0,0,0,1
"CTB-118N6.3",14,5,23,12,8,9
"CTBS",209,221,246,149,113,123
"CTHRC1",13,2,1,1,4,1
"CTNNA1",435,368,182,67,66,64
"CTSS",8170,8241,3901,1329,1037,1131
"CTTNBP2NL",173,111,55,96,165,58
"CTU1",1,0,0,1,5,0
"CUL3",958,867,1061,695,656,595
"CWF19L2",329,245,328,279,483,327
"CXorf40A",232,50,158,55,31,62
"CXXC11",0,0,0,1,0,2
"CYB561D2",8,15,12,7,15,11
"CYB5A",49,23,23,25,45,39
"CYB5RL",2,10,6,5,14,5
"CYBRD1",101,138,69,15,2,10
"CYP1B1-AS1",1,0,0,0,0,0
"CYP20A1",272,203,317,245,569,243
"CYP2A6",0,0,1,0,0,0
"CYP2E1",3,3,15,0,1,0
"CYP2U1",87,60,139,100,167,96
"CYP3A7-CYP3AP1",0,0,0,0,1,0
"CYP4F11",0,0,2,0,0,0
"CYP7A1",0,1,0,3,0,1
"CYR61",0,1,0,0,2,1
"CYTH4",97,83,109,57,36,47
"DAAM1",202,115,147,35,75,63
"DAB1",0,1,0,1,0,0
"DAND5",0,0,0,1,0,0
"DAPK1",221,473,185,43,15,21
"DBIL5P2",0,1,0,2,0,1
"DBN1",6,9,9,4,0,1
"DCAF12",72,219,147,243,10,182
"DCAKD",44,46,60,9,41,17
"DCHS1",15,12,51,3,4,2
"DCTN6",111,129,185,130,122,117
"DCUN1D3",307,374,349,30,20,8
"DCUN1D4",139,81,91,103,116,107
"DDHD1",1213,1106,1418,673,964,627
"DDI2",70,47,54,105,121,94
"DDIT3",144,99,208,127,51,101
"DDIT4",483,873,1104,187,138,250
"DDX10",208,173,165,208,271,237
"DDX27",481,243,371,463,696,598
"DDX39B",1,3,0,1,1,0
"DDX43",21,19,10,16,6,9
"DDX46",594,580,528,451,601,407
"DDX54",100,82,47,106,119,123
"DDX59",112,95,92,101,89,96
"DDX60L",679,274,249,247,132,168
"DEFB1",1,0,0,0,0,0
"DENND1B",152,247,233,73,139,61
"DENND4C",338,375,458,169,198,163
"DERA",53,68,112,9,16,21
"DERL2",45,34,62,59,43,37
"DESI2",235,159,208,150,170,121
"DGCR11",3,3,9,7,21,10
"DGCR14",45,34,43,36,37,57
"DGCR6",4,3,0,1,0,1
"DGKK",4,20,0,1,0,2
"DGUOK",69,98,184,132,159,122
"DHDH",0,1,0,0,0,0
"DHFRL1",6,4,7,8,19,5
"DHRS4",16,10,18,4,4,7
"DHX38",284,188,153,247,282,287
"DIABLO",90,51,110,82,101,96
"DIAPH1",732,857,621,236,280,214
"DICER1-AS1",3,2,0,4,5,3
"DIMT1",65,38,42,70,100,63
"DIO3OS",0,0,1,0,0,0
"DIP2A-IT1",0,0,0,0,0,2
"DIP2C",19,21,28,5,9,9
"DIXDC1",7,6,1,7,7,2
"DKFZp434J0226",0,0,0,1,0,0
"DKFZp451B082",0,1,0,0,0,0
"DLC1",9,19,48,1,2,1
"DLEU7-AS1",1,0,4,0,0,0
"DLG2",6,2,1,4,3,4
"DLL4",1,1,3,0,0,0
"DNAH12",4,0,2,1,2,2
"DNAJA1",7705,7331,5763,716,695,745
"DNAJB2",375,204,216,219,311,219
"DNAJB8",1,3,2,1,2,0
"DNAJC15",114,156,248,126,107,90
"DNAJC3",886,999,867,357,366,359
"DNM1P50",1,1,0,0,0,0
"DNMBP",652,354,282,1055,1862,1733
"DNTTIP1",52,46,42,30,25,16
"DOCK2",1707,1502,1160,641,693,705
"DOCK4-AS1",3,3,0,3,6,1
"DOPEY1",274,187,236,219,365,201
"DPM2",30,24,72,18,26,13
"DPRXP4",1,1,0,6,8,3
"DPY30",36,44,49,30,36,29
"DRAM1",549,451,265,90,87,60
"DRD2",1,0,0,1,0,0
"DSCR10",0,0,1,0,0,0
"DTNB",44,9,55,22,36,29
"DTX3L",320,325,295,318,337,288
"DTX4",131,107,216,368,309,520
"DTYMK",18,8,13,14,16,7
"DUS1L",74,69,49,99,126,94
"DUSP11",157,124,214,212,243,218
"DUSP13",0,0,1,0,0,0
"DUSP14",27,20,8,8,21,3
"DUSP23",8,15,5,7,2,3
"DUSP5P1",0,3,0,0,0,0
"DYNC2LI1",3,5,7,4,3,2
"DYNLRB1",66,67,58,47,56,46
"DZIP1",0,1,0,0,0,0
"E2F2",8,25,10,3,0,6
"E2F8",2,10,1,1,4,1
"EBF1",696,121,368,418,754,524
"EBF3",6,2,0,1,5,0
"EBLN2",177,144,102,82,153,81
"ECHDC2",12,22,14,19,14,37
"ECRP",8,6,2,1,1,1
"EDC4",91,67,202,131,141,97
"EDEM3",319,354,383,195,247,129
"EDN3",0,0,0,0,1,0
"EEF1B2",2702,1667,1868,2517,2834,3144
"EFCAB14-AS1",2,1,2,0,3,3
"EFCAB4B",49,70,45,32,38,35
"EFCAB6",0,1,0,0,0,0
"EFHB",1,1,0,0,0,2
"EFHC1",46,36,69,38,46,46
"EHMT1-IT1",25,6,54,16,54,21
"EID3",20,43,21,31,32,29
"EIF1AD",334,226,445,372,422,381
"EIF3F",528,445,482,361,408,528
"EIF3I",294,213,384,143,194,122
"EIF4A2",3900,2670,3545,3194,2201,3408
"EIF4EBP1",13,12,0,5,12,2
"EIF5A",413,374,467,371,329,453
"ELF1",3270,3405,3332,1981,1971,2027
"ELF2",608,512,434,537,598,487
"ELF5",1,0,0,0,0,1
"ELOVL6",10,15,25,1,0,4
"ELOVL7",24,24,20,14,26,7
"ELP6",6,7,7,2,16,9
"EMC3-AS1",68,32,77,51,85,56
"EMC9",11,10,21,11,24,3
"EMP2",2,4,0,0,0,0
"EMR2",757,1812,1538,195,107,67
"EN2",0,2,0,0,0,0
"ENGASE",52,44,62,27,29,23
"ENO3",25,24,16,9,21,7
"ENOPH1",98,101,111,97,93,104
"ENOSF1",120,195,141,57,80,65
"EP300",3925,4297,3317,2503,2475,2026
"EPB41",1280,1092,1497,753,744,804
"EPB41L4B",0,1,4,9,14,7
"EPC1",900,877,1026,983,900,897
"EPT1",263,176,185,234,364,203
"EPX",0,0,0,0,2,1
"ERBB2",5,7,32,7,5,4
"ERGIC3",479,430,613,341,275,375
"ERVMER34-1",0,2,1,0,1,0
"ESF1",94,111,144,126,178,143
"ESYT2",1597,2418,1542,1418,971,702
"ETV1",1,1,0,0,0,0
"EXD2",22,28,33,33,38,25
"EXOC6",116,90,105,41,85,34
"EXOSC10",328,279,362,452,582,386
"EXT1",155,214,470,95,101,124
"F2RL2",16,33,19,41,129,33
"F7",1,6,0,0,0,0
"F8",32,20,7,7,15,2
"FAAH2",20,13,37,14,54,16
"FAH",6,14,11,1,3,0
"FAHD2B",4,4,0,4,1,5
"FAM105A",79,173,113,55,51,15
"FAM107A",0,0,0,0,1,0
"FAM107B",1831,1092,948,923,889,699
"FAM110D",0,1,0,0,0,0
"FAM117B",722,556,830,235,291,269
"FAM122A",112,80,112,97,137,70
"FAM127A",31,24,4,10,6,5
"FAM127B",12,15,19,14,15,9
"FAM129B",42,41,9,20,10,0
"FAM132B",0,0,1,3,5,3
"FAM153C",0,0,1,2,0,0
"FAM160A2",58,30,7,59,62,33
"FAM167A",16,20,10,182,156,117
"FAM179B",135,108,106,246,300,272
"FAM180B",1,0,1,1,2,3
"FAM193B",97,63,123,87,93,84
"FAM206A",46,34,86,17,27,32
"FAM207A",5,2,24,2,2,1
"FAM214B",57,120,20,39,18,19
"FAM216A",8,6,6,4,17,6
"FAM21A",419,477,335,339,296,243
"FAM222A",63,49,59,30,47,36
"FAM26F",14,17,11,6,2,11
"FAM3C",679,177,380,648,486,461
"FAM43A",64,92,90,62,205,151
"FAM50A",138,124,43,45,43,52
"FAM58A",13,17,8,12,40,13
"FAM72C",0,0,1,0,0,1
"FAM76A",15,15,32,86,78,60
"FAM81B",0,0,0,2,3,2
"FAM83D",16,23,48,47,9,26
"FAM83F",3,1,2,1,0,2
"FAM86B3P",0,3,5,2,5,2
"FAM86EP",4,1,2,1,4,6
"FANK1",2,2,2,0,0,0
"FAR1",298,347,222,213,305,165
"FAS-AS1",51,35,34,44,5,34
"FASN",43,43,65,12,31,18
"FASTK",15,23,46,14,20,13
"FBL",436,352,324,379,442,501
"FBLN7",1,7,21,0,0,0
"FBXL22",6,6,4,0,5,2
"FBXL8",1,0,3,1,0,0
"FBXO10",76,18,60,65,162,85
"FBXO11",621,710,531,450,412,387
"FBXO16",0,0,0,0,1,0
"FBXO32",53,99,210,32,39,31
"FBXO33",362,341,386,260,224,273
"FBXO36",6,5,21,6,4,4
"FBXO38",185,178,188,372,468,338
"FBXO40",18,9,21,20,48,21
"FBXO46",17,18,4,17,14,15
"FBXW10",0,0,0,0,1,0
"FCGR1A",15,14,4,7,0,3
"FCGR3A",571,1568,392,75,12,109
"FCGR3B",5,23,8,41,12,55
"FCRL4",1,0,0,0,1,0
"FCRLA",249,36,115,24,22,62
"FDX1",103,98,77,68,85,60
"FEM1B",309,269,293,370,426,307
"FEM1C",762,1037,569,470,344,374
"FENDRR",0,1,0,1,3,0
"FFAR1",1,0,6,3,0,2
"FFAR2",60,157,24,29,5,10
"FFAR3",3,14,41,5,0,2
"FGD6",221,265,184,51,46,39
"FGF13",0,1,0,0,0,1
"FGFR1",42,26,28,49,45,16
"FIBP",62,63,141,25,30,24
"FIRRE",8,7,1,8,6,10
"FITM2",1,1,1,0,2,1
"FKBP15",254,275,145,119,126,67
"FKBP1B",3,3,29,2,2,0
"FKBP8",24,15,10,6,11,7
"FKBP9",5,8,6,3,8,5
"FLJ13224",1,4,2,3,1,4
"FLJ30679",4,5,0,2,0,3
"FLJ31306",289,273,244,267,412,288
"FLJ40194",0,1,0,0,0,0
"FLJ41309",0,9,0,1,3,0
"FLJ43315",0,1,0,0,0,0
"FLJ45825",0,3,3,0,0,0
"FLOT2",260,241,366,138,166,160
"FMO2",0,1,0,0,0,0
"FMO3",3,0,0,0,0,0
"FNIP1",1078,803,570,640,748,467
"FNTB",1,0,1,0,0,0
"FOXC1",3,3,8,1,2,2
"FOXD3",0,0,1,0,0,0
"FOXF2",0,0,1,0,0,0
"FOXL2",0,0,0,1,0,0
"FSCN1",21,29,23,1,3,5
"FSHB",0,0,0,1,0,0
"FUT2",1,0,1,1,0,0
"FXN",24,32,59,14,48,26
"FYCO1",111,124,179,83,141,44
"FZD10",0,0,0,1,0,0
"FZD7",20,28,37,3,3,7
"G6PC3",35,45,40,24,31,24
"GAB4",0,1,0,0,1,0
"GABBR1",428,293,324,183,156,203
"GABPB1",177,90,264,486,690,696
"GABRB1",0,1,4,0,0,0
"GABRB2",2,0,1,0,2,0
"GADD45B",615,700,605,374,65,258
"GADD45G",4,6,10,7,2,4
"GALNT18",0,0,1,0,0,0
"GALNT9",0,0,0,3,1,1
"GALR2",4,2,9,1,9,12
"GAMT",0,2,10,2,1,0
"GANC",293,140,232,113,166,196
"GAPDH",2697,4064,2514,1021,625,723
"GAREM",3,2,0,3,5,0
"GAS2L3",117,209,52,42,15,10
"GAS5",611,512,998,484,612,1119
"GAS6",8,12,24,2,9,6
"GATM",70,39,31,19,87,10
"GBP3",157,104,66,36,31,25
"GBP5",254,306,272,193,90,195
"GCNT3",0,0,0,1,0,0
"GEM",152,346,75,79,78,46
"GFI1B",11,10,14,18,20,13
"GFM2",160,148,234,173,216,173
"GH2",0,0,1,1,0,0
"GHDC",9,8,24,4,11,7
"GID4",46,56,100,47,101,48
"GIMAP8",18,40,29,5,10,5
"GIT2",518,492,583,365,635,327
"GJC2",12,11,3,0,2,2
"GLIPR1L2",1,1,0,1,0,1
"GLO1",95,85,97,77,94,102
"GLS",1288,940,766,348,525,270
"GLTSCR2",563,417,798,581,509,697
"GLYATL1",0,0,1,0,2,1
"GMCL1P1",0,0,0,1,1,0
"GMEB1",174,135,143,191,190,191
"GML",0,1,0,0,0,0
"GMNN",11,15,37,4,8,11
"GMPR",10,16,30,24,10,14
"GNAI1",2,14,33,4,3,1
"GNAI2",874,1083,1127,261,205,198
"GNAT2",5,6,4,2,2,1
"GNG11",3,0,0,2,11,7
"GNG8",0,0,0,2,0,1
"GNL1",449,325,527,274,310,293
"GNL2",374,333,170,263,341,286
"GNL3",786,456,476,494,546,639
"GNPDA2",64,43,54,92,164,77
"GNPNAT1",20,36,37,16,54,13
"GNRH1",14,25,26,7,10,2
"GOLGA7",293,305,228,271,201,287
"GOLGA7B",3,5,3,0,0,1
"GOLGA8A",247,159,299,196,316,343
"GOLGA8H",3,7,1,6,5,1
"GOLIM4",70,111,45,41,52,48
"GOLM1",185,201,175,127,162,103
"GOPC",153,124,101,229,314,181
"GOSR1",233,202,254,235,323,226
"GOSR2",137,110,176,164,238,134
"GPA33",5,9,19,3,2,1
"GPANK1",39,21,30,23,19,9
"GPBP1L1",694,669,635,551,571,494
"GPKOW",58,46,20,30,50,33
"GPR132",365,334,321,133,216,178
"GPR142",0,0,2,0,0,0
"GPR143",2,1,1,0,5,4
"GPR150",0,1,1,0,0,0
"GPR20",1,3,0,0,0,0
"GPR68",23,38,19,6,5,5
"GPR89A",39,31,34,34,58,19
"GPR97",32,134,193,85,22,32
"GPRASP1",94,59,85,86,87,113
"GRAP2",46,47,157,31,38,41
"GRIN2D",2,2,3,2,1,1
"GRINA",242,203,152,89,49,62
"GRIP1",9,18,31,4,6,0
"GRK7",0,0,2,0,0,1
"GRM5",0,0,1,0,0,0
"GRM8",0,0,0,1,0,0
"GRN",661,566,311,170,144,109
"GRPR",3,0,0,0,1,2
"GSAP",340,183,179,181,276,257
"GSDMA",0,2,3,0,0,0
"GSDMC",0,0,0,0,1,0
"GSG2",1,1,1,1,3,1
"GSTA4",5,6,7,2,5,7
"GSTK1",255,326,270,119,117,142
"GTF2A1",347,419,486,279,442,251
"GTF2H1",167,219,141,95,166,62
"GTF2H3",36,24,60,29,38,32
"GTF3C4",250,143,102,304,273,379
"GTPBP8",19,20,13,10,16,10
"GTSE1-AS1",0,4,0,0,1,2
"GUCA1B",7,6,6,13,11,10
"GUSB",76,83,108,78,84,77
"H2AFX",93,131,184,15,17,24
"H3F3A",1195,1180,622,776,645,767
"HADH",65,46,46,9,23,22
"HAR1B",0,1,0,0,0,0
"HBEGF",248,486,190,122,47,22
"HBP1",1623,1658,1548,480,310,456
"HBS1L",432,361,333,405,434,416
"HBZ",0,0,0,1,0,0
"HCG23",3,0,0,0,2,0
"HDAC1",389,322,303,127,162,117
"HDAC7",63,81,146,78,224,130
"HDHD1",40,24,47,40,40,40
"HDHD2",65,53,52,24,82,41
"HEATR2",19,24,31,12,29,10
"HEPHL1",3,4,14,12,2,2
"HERC1",2500,1985,2587,2093,1956,1932
"HERC2P10",3,1,0,0,0,0
"HEXIM1",1237,1738,2394,273,367,257
"HGC6.3",0,0,0,0,0,1
"HHEX",80,77,72,180,123,148
"HHIP-AS1",3,1,5,1,1,3
"HIBCH",38,34,71,7,13,14
"HIGD2A",235,293,271,114,133,174
"HIPK2",1029,1319,1537,579,2927,798
"HIST1H2AB",3,0,8,0,0,1
"HIST1H2AJ",2,0,6,0,1,2
"HIST1H2BC",155,141,205,179,149,262
"HIST1H2BF",67,70,78,71,41,83
"HIST1H3F",0,1,1,0,0,0
"HIST1H4I",3,0,8,1,4,1
"HLA-DMA",795,692,792,1121,654,1078
"HLA-DQB1",7510,1867,4449,4650,3711,5810
"HMBS",11,4,0,4,4,4
"HMGA2",1,1,0,2,0,0
"HMGN3",42,58,30,28,18,30
"HMGN3-AS1",12,1,3,0,7,4
"HOOK2",24,8,11,4,8,9
"HORMAD1",7,4,1,1,1,0
"HOXA10-AS",0,5,7,0,0,0
"HPRT1",62,33,64,37,46,47
"HPS1",109,80,91,61,44,60
"HPS6",10,7,3,12,24,7
"HPSE2",1,0,0,0,0,0
"HRH1",1,8,2,7,4,0
"HRSP12",12,10,37,1,14,4
"HSBP1",122,154,217,109,80,77
"HSD11B2",9,3,28,3,1,2
"HSD17B8",5,1,3,2,2,1
"HTATIP2",80,58,56,39,52,20
"HTR3B",0,0,0,0,0,1
"HTR7",5,31,2,2,2,5
"HTRA1",6,1,0,1,0,0
"HTT",827,663,772,382,581,370
"HUNK",0,1,1,2,0,0
"HYAL3",11,11,11,5,2,2
"HYPK",5,3,0,8,2,4
"ICA1",1,8,5,1,0,2
"ICAM1",2932,2619,1225,477,243,355
"ICAM2",47,89,122,47,60,36
"ICAM3",243,260,151,112,97,137
"IDH1-AS1",0,0,1,0,0,0
"IDNK",41,45,49,30,67,41
"IER2",725,626,1320,403,264,337
"IER5",1278,1074,795,534,411,520
"IFI27L2",6,9,8,2,3,2
"IFT46",12,24,30,12,10,8
"IGF2BP2",39,64,17,16,5,15
"IGF2BP3",36,17,59,20,71,67
"IGFBP4",89,18,33,84,63,149
"IGLL3P",3,0,0,0,2,1
"IL12B",2,6,0,0,0,0
"IL12RB2",22,53,27,9,16,4
"IL17C",4,2,0,0,2,0
"IL17RD",0,0,1,1,0,0
"IL18BP",136,91,97,55,72,50
"IL18R1",29,140,191,13,14,11
"IL18RAP",65,140,70,12,12,32
"IL36G",1,1,0,0,0,0
"IL5RA",14,78,175,1,5,2
"ILF3-AS1",61,52,73,27,24,19
"IMMP2L",21,5,4,5,14,6
"INHBA-AS1",7,25,1,0,0,0
"INHBC",0,0,2,3,3,0
"INTS2",104,83,68,85,147,61
"INTS7",79,72,62,24,83,29
"INVS",115,85,147,49,70,56
"IPO9-AS1",3,1,6,4,3,1
"IPW",90,30,64,54,34,61
"IQCD",1,6,0,0,1,1
"IQCH",4,1,8,3,3,0
"IQCK",2,4,2,2,2,2
"IRAK1",529,404,275,326,337,258
"IRG1",948,751,46,3,7,1
"IRS1",48,12,65,33,36,28
"IRS2",498,561,984,359,193,366
"IRX6",0,0,0,0,0,1
"ISCU",355,215,287,625,803,753
"ISG20",371,227,421,239,432,294
"ISM1",2,0,4,0,0,0
"ISPD",2,16,31,3,4,1
"ISPD-AS1",0,1,1,0,0,0
"IST1",1284,956,623,684,675,793
"ITPRIPL2",80,79,48,17,46,21
"JARID2-AS1",25,10,7,11,4,4
"KANSL1-AS1",4,5,11,0,0,1
"KBTBD12",0,0,0,1,0,1
"KCNA5",0,2,6,0,5,1
"KCNIP2",22,6,8,29,21,37
"KCNIP2-AS1",3,1,0,2,1,5
"KCNJ11",10,8,9,3,4,0
"KCNJ13",27,9,26,41,56,20
"KCNJ9",12,5,17,4,2,3
"KCNK10",1,15,26,0,0,0
"KCNK9",0,0,5,3,2,1
"KCNMA1",5,11,22,9,0,3
"KCNMB4",12,3,7,4,7,0
"KCNQ5-AS1",6,0,1,0,3,2
"KCTD20",611,475,400,317,447,324
"KCTD21-AS1",1,2,9,4,2,2
"KCTD3",44,46,34,32,27,30
"KCTD7",85,76,204,96,87,68
"KDELR3",43,22,38,29,48,23
"KIAA0100",649,494,625,248,320,265
"KIAA0101",0,10,2,1,2,0
"KIAA0319L",146,127,162,107,94,117
"KIAA0895",8,10,4,13,5,8
"KIAA1107",8,9,12,2,6,2
"KIAA1161",11,7,23,5,14,3
"KIAA1217",0,2,0,1,0,0
"KIAA1279",78,67,61,45,62,64
"KIF11",7,37,60,11,16,6
"KIF16B",121,86,156,42,60,44
"KIF18A",36,22,10,31,20,16
"KIF18B",0,5,26,0,0,0
"KIF1C",41,34,60,17,43,15
"KIF20A",1,7,3,0,1,0
"KIF21B",340,421,844,200,258,181
"KLF5",63,407,779,25,17,22
"KLHDC1",25,18,38,11,30,14
"KLHDC2",153,94,242,105,119,105
"KLHDC7A",0,1,2,0,0,0
"KLHDC8A",3,0,2,1,3,3
"KLHDC8B",0,4,0,6,0,1
"KLHDC9",2,1,1,2,0,2
"KLHL12",97,57,105,104,134,94
"KLKB1",17,3,5,2,18,5
"KLRC1",4,20,9,0,1,3
"KMT2D",1528,1328,1569,646,1055,516
"KRT19P2",0,0,0,0,1,1
"KRT23",3,9,0,0,1,1
"KRT74",0,2,0,2,0,0
"KRTAP13-2",0,0,1,0,0,0
"KRTAP16-1",1,1,2,2,1,1
"KRTAP5-10",0,2,0,0,1,0
"KRTAP5-AS1",53,47,28,10,20,15
"LAIR1",379,370,232,98,59,59
"LAMTOR4",75,83,93,42,60,41
"LANCL1",51,68,62,70,91,76
"LANCL3",2,10,1,1,1,2
"LARS",516,507,607,190,330,280
"LCLAT1",122,73,160,64,80,47
"LCMT2",23,16,69,40,58,46
"LDB3",0,0,1,1,4,1
"LDHAL6B",7,2,1,0,3,1
"LENG9",27,16,15,27,28,30
"LEPROTL1",154,300,628,170,223,170
"LGALS2",80,92,57,2,4,4
"LGALS8",1199,1120,1355,945,721,1362
"LGALS9C",3,8,0,3,0,1
"LHFPL2",1133,368,181,408,416,138
"LHX2",0,0,0,2,0,1
"LILRA1",276,497,188,63,19,14
"LILRB3",173,157,105,70,28,35
"LIME1",3,8,13,2,0,0
"LIMS3L",0,1,0,1,0,0
"LINC-PINT",1393,639,568,803,939,775
"LINC00244",0,0,0,0,1,0
"LINC00310",11,4,3,1,4,0
"LINC00384",0,0,0,1,0,1
"LINC00470",0,0,0,1,0,0
"LINC00471",1,0,1,0,2,0
"LINC00494",64,13,43,29,40,39
"LINC00520",1,0,0,1,0,0
"LINC00599",0,1,2,0,0,0
"LINC00602",0,0,2,0,0,0
"LINC00622",6,7,2,0,0,0
"LINC00630",6,4,1,4,12,8
"LINC00636",0,0,1,0,0,0
"LINC00641",1910,1282,1321,565,700,534
"LINC00643",0,0,0,2,0,0
"LINC00664",1,7,0,2,1,0
"LINC00862",1,3,0,1,0,0
"LINC00888",4,4,9,4,2,1
"LINC00899",0,0,0,0,2,0
"LINC00938",160,213,320,94,83,90
"LINC00950",0,3,0,0,2,4
"LINC00968",4,1,0,1,1,0
"LINC00984",109,223,190,113,93,34
"LINC01000",595,381,576,422,650,421
"LINC01003",7,14,1,5,6,7
"LINC01010",8,2,3,2,1,0
"LINC01093",5,5,0,1,0,0
"LINC01104",0,0,5,2,4,4
"LINC01128",380,406,460,411,333,360
"LINC01150",0,1,2,0,0,0
"LINC01185",0,0,1,0,0,0
"LINS",61,57,142,76,129,60
"LIPF",0,0,0,0,1,0
"LIPG",0,3,0,0,2,0
"LLPH",124,138,175,123,126,125
"LMLN",52,30,62,21,87,29
"LMO2",275,526,269,138,87,86
"LOC100128233",2,2,0,0,0,0
"LOC100128288",12,13,7,1,7,1
"LOC100128364",1,1,16,0,7,0
"LOC100129083",25,37,16,7,4,4
"LOC100129617",47,11,19,19,44,24
"LOC100129940",1,4,0,0,0,0
"LOC100130207",1,1,2,0,0,1
"LOC100130298",2,0,1,4,5,1
"LOC100130301",0,1,0,0,0,4
"LOC100131372",0,2,0,2,0,0
"LOC100131530",1,0,0,0,1,0
"LOC100132249",1,0,0,0,0,0
"LOC100132731",2,3,0,6,2,3
"LOC100132735",1,1,0,0,0,0
"LOC100132891",4,2,6,1,2,1
"LOC100133182",65,27,11,16,5,5
"LOC100133985",0,0,1,1,0,1
"LOC100287042",216,110,118,70,76,67
"LOC100287166",1,3,0,0,0,0
"LOC100288911",0,0,1,1,0,1
"LOC100289097",26,27,40,43,43,33
"LOC100289333",0,0,0,0,1,0
"LOC100505585",7,4,2,9,6,4
"LOC100505942",4,1,0,0,1,0
"LOC100506100",10,2,0,1,5,1
"LOC100506114",10,5,3,0,3,0
"LOC100506124",18,20,12,13,23,10
"LOC100506548",133,201,178,143,130,157
"LOC100506710",592,211,495,571,460,581
"LOC100506730",3,3,5,1,5,0
"LOC100506731",0,0,0,1,1,0
"LOC100506753",1,1,0,0,0,0
"LOC100507071",1,0,2,0,3,0
"LOC100507316",6,3,13,6,2,8
"LOC100507472",0,0,0,0,1,0
"LOC100653515",16,19,12,12,9,4
"LOC100996350",0,0,0,4,0,0
"LOC100996385",0,0,9,0,0,0
"LOC100996662",3,0,29,0,3,0
"LOC100996693",0,1,0,1,0,0
"LOC100996723",6,5,1,4,3,4
"LOC100996740",2,3,2,0,3,4
"LOC100996756",4,0,0,0,0,0
"LOC101060212",85,27,41,49,130,44
"LOC101060398",52,13,27,23,14,31
"LOC101926894",5,1,14,7,14,8
"LOC101926900",0,0,0,2,0,0
"LOC101927002",2,4,2,5,2,0
"LOC101927094",1,1,0,1,0,2
"LOC101927119",0,0,1,0,1,0
"LOC101927131",5,5,1,1,4,2
"LOC101927151",9,2,9,6,25,5
"LOC101927163",1,1,0,0,4,0
"LOC101927170",0,0,0,1,0,0
"LOC101927183",0,0,3,0,0,0
"LOC101927190",8,4,21,4,11,5
"LOC101927250",0,0,0,0,1,0
"LOC101927252",0,0,3,0,1,1
"LOC101927382",0,20,4,38,6,4
"LOC101927451",12,6,5,5,16,9
"LOC101927632",8,15,9,13,6,9
"LOC101927708",0,1,0,0,0,0
"LOC101927732",10,11,1,18,13,5
"LOC101927752",2,12,10,8,5,5
"LOC101927762",0,0,0,2,0,0
"LOC101927765",2,11,9,6,3,4
"LOC101927775",7,0,17,1,1,0
"LOC101927783",0,0,2,0,3,0
"LOC101927809",5,0,2,3,2,0
"LOC101927810",0,2,0,1,0,0
"LOC101927897",3,0,1,1,5,0
"LOC101927933",2,1,3,2,3,1
"LOC101927959",0,1,0,0,0,0
"LOC101928027",0,1,0,0,0,0
"LOC101928054",312,199,569,144,261,133
"LOC101928055",18,28,5,15,19,9
"LOC101928058",1,0,0,0,0,0
"LOC101928069",0,3,3,0,2,2
"LOC101928096",0,0,2,0,0,0
"LOC101928123",0,3,0,1,1,1
"LOC101928143",61,63,2,5,1,1
"LOC101928149",0,1,0,0,1,0
"LOC101928186",1,0,0,0,1,0
"LOC101928188",16,17,3,10,23,5
"LOC101928231",0,9,0,0,1,0
"LOC101928244",2,0,0,0,0,2
"LOC101928247",1,0,1,0,0,0
"LOC101928248",0,0,4,0,0,0
"LOC101928268",0,0,0,1,1,0
"LOC101928355",5,0,6,7,14,8
"LOC101928363",27,19,38,3,6,7
"LOC101928370",7,12,61,7,16,5
"LOC101928383",2,0,1,0,1,0
"LOC101928389",1,1,0,0,0,1
"LOC101928414",1,0,0,0,3,0
"LOC101928419",0,0,0,1,0,0
"LOC101928465",47,18,46,25,92,37
"LOC101928513",0,0,1,0,0,0
"LOC101928530",4,1,0,3,0,1
"LOC101928554",1,0,0,2,17,4
"LOC101928560",8,31,42,13,6,19
"LOC101928676",71,73,94,11,14,13
"LOC101928764",0,1,0,0,0,0
"LOC101928787",0,0,0,1,0,0
"LOC101928789",2,0,0,4,17,10
"LOC101928798",1,0,1,1,1,0
"LOC101928817",18,21,9,10,27,4
"LOC101928854",22,10,4,19,28,11
"LOC101928967",2,14,5,0,1,3
"LOC101928998",6,3,14,1,11,2
"LOC101929007",5,8,17,9,1,4
"LOC101929027",0,0,0,0,1,0
"LOC101929054",0,1,0,0,1,0
"LOC101929132",0,1,0,0,0,0
"LOC101929145",23,16,6,19,33,13
"LOC101929149",0,1,0,1,0,0
"LOC101929154",0,0,0,0,0,1
"LOC101929165",13,7,43,8,23,2
"LOC101929185",2,0,0,0,0,0
"LOC101929204",1,2,2,1,1,3
"LOC101929243",2,9,7,4,2,2
"LOC101929249",0,0,0,1,1,0
"LOC101929259",0,0,0,0,1,0
"LOC101929266",0,1,3,0,1,0
"LOC101929289",2,4,2,0,2,0
"LOC101929325",1,0,0,0,1,0
"LOC101929340",10,7,19,15,15,10
"LOC101929374",0,1,0,0,0,0
"LOC101929379",0,0,3,0,0,0
"LOC101929381",1,2,11,2,4,2
"LOC101929401",186,77,134,44,72,48
"LOC101929426",1,2,3,3,9,3
"LOC101929449",5,1,2,0,2,0
"LOC101929451",9,5,22,11,13,9
"LOC101929538",0,0,0,1,0,0
"LOC101929545",56,50,31,17,11,27
"LOC101929548",1,1,0,0,0,0
"LOC101929594",0,0,0,0,1,0
"LOC101929619",3,7,12,2,6,1
"LOC101929633",29,1,21,11,17,20
"LOC101929657",0,2,0,0,2,3
"LOC101929688",0,0,0,0,1,0
"LOC101929747",13,10,44,8,6,4
"LOC101929759",1,0,0,4,6,2
"LOC101929786",21,6,24,15,9,8
"LOC101929792",79,32,30,11,14,9
"LOC101929887",11,1,9,3,11,10
"LOC101930332",0,0,0,0,0,1
"LOC101930370",12,4,1,2,13,9
"LOC101930452",2,0,0,0,1,2
"LOC102288414",2,3,1,3,0,2
"LOC102723346",0,0,4,0,0,0
"LOC102723390",0,0,0,2,0,0
"LOC102723401",0,0,0,0,4,0
"LOC102723457",3,1,0,2,9,0
"LOC102723507",1,0,0,2,1,2
"LOC102723540",2,1,3,0,0,0
"LOC102723582",4,1,5,2,13,7
"LOC102723648",2,2,14,3,4,0
"LOC102723665",9,8,7,9,12,6
"LOC102723722",6,5,0,1,3,3
"LOC102723750",0,0,0,0,2,1
"LOC102723769",0,0,0,0,4,1
"LOC102723775",0,2,0,0,0,2
"LOC102723782",1,0,0,0,2,0
"LOC102723804",1,1,90,0,5,1
"LOC102723872",13,5,2,2,1,0
"LOC102723894",1,4,6,0,1,0
"LOC102723975",1,3,3,1,1,1
"LOC102724008",1,1,0,0,0,0
"LOC102724009",1,3,0,0,3,0
"LOC102724024",161,37,90,63,136,72
"LOC102724094",0,0,0,0,1,0
"LOC102724120",0,0,1,0,0,0
"LOC102724135",0,0,4,1,4,0
"LOC102724142",1,1,1,0,1,0
"LOC102724147",0,0,0,0,1,0
"LOC102724168",0,1,0,0,0,0
"LOC102724190",0,0,0,0,0,1
"LOC102724196",0,1,0,0,0,0
"LOC102724231",3,3,7,1,0,0
"LOC102724232",0,1,0,3,0,0
"LOC102724233",3,2,1,6,6,12
"LOC102724240",5,1,8,1,3,1
"LOC102724244",2,0,0,1,0,0
"LOC102724252",2,1,1,2,1,3
"LOC102724286",0,1,0,0,0,0
"LOC102724400",0,0,1,1,0,0
"LOC102724436",1,3,4,5,2,1
"LOC102724535",95,101,185,143,199,122
"LOC102724555",1,0,0,0,0,0
"LOC102724568",1,0,0,0,1,0
"LOC102724608",15,17,5,5,6,8
"LOC102724641",2,1,4,3,1,0
"LOC102724715",1,0,0,0,0,0
"LOC102724757",13,5,9,6,15,3
"LOC102724758",2,6,1,1,0,1
"LOC102724807",0,0,0,1,0,0
"LOC102724917",0,0,1,0,0,0
"LOC102724938",0,0,0,0,0,4
"LOC150776",61,37,114,123,116,98
"LOC152225",14,24,1,5,1,2
"LOC155060",13,2,14,9,17,13
"LOC257396",0,0,1,0,4,0
"LOC284561",0,1,0,0,2,1
"LOC284648",3,1,0,0,3,5
"LOC285074",63,54,53,53,39,91
"LOC401463",0,1,0,0,0,0
"LOC439951",2,0,7,1,1,2
"LOC441204",1,0,0,0,0,0
"LOC550113",0,0,1,1,0,0
"LOC642846",4,4,4,7,18,15
"LOC643406",0,1,0,0,0,0
"LOC643733",11,3,3,2,3,0
"LOC643802",9,19,2,2,1,1
"LOC645177",2,0,0,0,0,0
"LOC646021",2,7,3,2,9,6
"LOC646903",1,1,0,0,2,0
"LOC727978",29,17,13,9,26,16
"LOC728975",13,15,5,15,25,7
"LOC728989",0,0,0,0,3,4
"LOC729739",1,0,4,0,0,0
"LOC81691",8,40,27,2,2,3
"LOH12CR1",204,144,250,97,300,143
"LOXL2",7,5,1,10,6,4
"LPAR3",2,1,1,2,4,1
"LPCAT3",95,96,107,38,47,37
"LPHN1",34,79,76,25,8,14
"LPP-AS1",1,0,1,0,0,0
"LPPR2",16,16,7,3,6,2
"LRIG3",0,0,1,1,0,0
"LRP1",854,626,337,120,85,34
"LRRC14",10,10,18,13,38,15
"LRRC15",3,16,1,0,0,0
"LRRC16A",280,53,169,79,46,57
"LRRC19",4,3,1,1,8,3
"LRRC34",1,3,3,4,4,4
"LRRC37A3",87,91,207,25,66,24
"LRRC47",31,56,45,79,104,90
"LRRC57",69,71,158,27,41,42
"LRRC63",0,0,9,1,0,0
"LRRC8B",418,218,266,175,327,143
"LRRFIP1",4679,4081,3330,3125,3861,4112
"LRRIQ4",0,1,0,1,1,0
"LRRN2",1,1,0,0,2,1
"LSM10",20,24,32,20,27,12
"LSM11",9,3,0,5,1,1
"LSM8",99,57,99,108,201,130
"LTBP1",30,6,59,13,45,14
"LTBR",45,37,13,10,4,3
"LTN1",166,177,199,197,280,195
"LUCAT1",62,69,8,44,10,5
"LY6E",45,67,23,15,16,18
"LY6G6C",0,14,1,0,1,1
"LY6K",11,20,4,1,0,1
"LYN",2846,2089,1633,2377,2708,2448
"LYRM2",98,56,111,102,103,86
"LYSMD2",56,21,34,58,67,50
"MAEA",204,147,86,154,141,118
"MAFA",4,8,3,0,4,0
"MAGEA11",0,0,1,1,0,0
"MAGEH1",6,11,13,11,25,33
"MAK",24,26,14,51,39,17
"MAN1A1",281,339,245,178,317,175
"MAN2A1",648,449,609,499,557,536
"MAN2A2",544,643,450,304,247,241
"MANBA",1125,569,543,1603,1796,2140
"MANEA-AS1",9,11,31,1,13,7
"MAOB",0,0,0,1,0,1
"MAP10",3,10,5,16,13,26
"MAP2K6",18,40,46,5,1,2
"MAP2K7",123,136,159,253,123,162
"MAP3K14-AS1",29,22,5,32,59,23
"MAP3K15",27,30,49,13,31,9
"MAP3K6",4,10,3,3,2,0
"MAPK10",18,5,3,4,3,3
"MAPK1IP1L",2283,1429,1882,2000,2593,1930
"MAPKAPK3",146,191,116,37,22,35
"MARCH7",477,336,283,426,456,404
"MARK1",7,1,1,6,13,5
"MARK3",466,465,485,348,375,349
"MARS2",39,24,64,58,115,96
"MAST2",50,69,86,14,23,26
"MATN1",73,11,69,68,70,86
"MBD5",216,188,289,75,89,85
"MBL1P",0,0,0,1,2,0
"MCM3AP",257,274,262,188,271,181
"MCM4",62,37,114,32,35,30
"MCM8",148,94,121,91,158,79
"MCMBP",339,266,280,260,290,199
"MCRS1",41,36,43,62,95,55
"MED17",207,140,172,171,221,190
"MED20",49,35,53,39,83,34
"MED23",280,254,393,399,447,385
"MEF2BNB",11,8,0,11,15,12
"MEIS3P1",0,1,0,1,0,1
"MELK",3,5,39,1,1,0
"MEMO1",228,212,150,127,139,117
"METRNL",305,402,304,135,91,81
"METTL22",16,15,20,13,18,11
"METTL2A",16,5,29,25,47,21
"METTL6",32,44,80,18,32,10
"MFSD1",460,589,174,130,175,83
"MFSD12",31,33,15,19,8,14
"MFSD9",42,34,34,36,64,50
"MGAM",96,73,24,37,11,24
"MGC2889",1,0,0,0,0,0
"MGC50722",0,0,0,1,0,1
"MGME1",38,55,48,30,44,36
"MGST1",36,29,6,6,3,0
"MICALCL",89,95,37,19,1,10
"MID1IP1",76,139,117,28,17,24
"MID2",16,12,48,12,29,6
"MIER3",225,145,219,168,148,162
"MINOS1P1",15,15,62,4,42,5
"MINPP1",12,6,5,7,24,6
"MIR4697HG",6,5,36,1,5,1
"MIR503HG",0,0,0,0,1,0
"MIRLET7DHG",68,45,43,47,41,47
"MIS12",154,105,150,95,193,95
"MLH3",112,74,64,103,166,131
"MLNR",0,0,1,0,0,0
"MLXIPL",0,0,0,2,0,1
"MMD",55,43,30,97,109,92
"MMP25",20,134,135,27,1,5
"MND1",1,1,0,0,0,1
"MNX1",0,0,0,0,0,1
"MOB2",25,20,20,20,18,13
"MOB3C",143,121,45,32,46,32
"MOB4",1,0,2,0,1,0
"MOGS",68,44,91,49,73,41
"MORF4L2-AS1",9,11,6,3,20,5
"MPHOSPH9",98,116,246,75,106,95
"MPRIP",511,266,444,265,509,425
"MPV17L2",24,50,45,18,22,8
"MPZ",4,2,1,1,2,1
"MPZL1",119,108,94,33,68,25
"MREG",35,12,5,49,37,31
"MRGPRD",0,0,1,0,0,0
"MROH9",3,0,0,0,0,0
"MRPL22",43,37,57,54,58,88
"MRPL39",106,65,140,62,75,79
"MRPL45P2",3,5,0,5,7,7
"MRPL53",37,28,37,18,37,22
"MRPL54",15,13,14,26,31,34
"MRPS27",72,52,79,60,92,65
"MS4A7",661,691,214,129,62,77
"MTBP",16,9,20,21,31,32
"MTDH",876,905,890,629,717,591
"MTERFD3",23,35,54,16,12,12
"MTF1",920,883,494,487,467,386
"MTFR1",25,23,14,19,27,11
"MTHFR",158,234,182,88,75,46
"MTHFSD",9,9,4,5,19,11
"MTIF2",137,167,141,140,215,174
"MTM1",149,141,161,95,106,106
"MTMR9",284,164,266,348,371,288
"MTO1",175,121,172,197,238,156
"MTRNR2L1",207,31,9,39,153,36
"MTRNR2L10",36,10,4,18,21,25
"MTX2",23,10,13,20,30,21
"MUC17",0,0,8,8,0,0
"MVK",15,6,5,7,7,4
"MXI1",576,254,535,869,383,802
"MYADML",0,0,2,0,2,0
"MYBBP1A",37,33,88,76,82,72
"MYCN",0,0,2,2,0,0
"MYCT1",2,8,5,3,10,10
"MYH16",0,0,0,0,2,0
"MYO10",22,20,1,29,11,3
"MYO15B",97,98,78,73,75,82
"MYO1A",2,3,0,0,0,1
"MYO7A",7,4,1,2,1,2
"MYOF",276,569,150,19,7,22
"MYOM1",46,23,35,12,12,6
"N4BP2L2",526,367,442,464,551,529
"NAA50",504,390,354,294,511,292
"NAA60",92,197,205,93,85,67
"NACAP1",0,0,0,1,0,4
"NAMA",0,0,0,0,0,1
"NAPA-AS1",1,3,0,3,0,0
"NAPRT1",30,34,15,10,6,0
"NARS2",55,34,48,21,45,34
"NAT2",0,0,1,0,0,0
"NCDN",40,36,62,5,19,6
"NCOA1",1091,1312,1071,377,383,388
"NCOR1P1",0,1,0,0,0,0
"NCOR2",631,645,298,225,165,149
"NCR3LG1",1111,1171,336,138,133,119
"NDOR1",22,13,33,18,39,19
"NDRG3",103,83,179,31,14,27
"NDUFA10",251,294,332,322,483,342
"NDUFA4",161,208,222,141,155,140
"NDUFA6-AS1",0,0,0,0,3,1
"NDUFAF5",31,43,33,111,113,112
"NDUFB3",34,33,18,23,33,19
"NDUFB6",29,47,51,21,18,16
"NDUFB8",96,103,28,75,77,58
"NDUFV1",104,105,178,61,90,76
"NDUFV2",207,200,256,207,225,209
"NEIL3",50,62,32,28,7,12
"NEK1",374,154,253,254,440,203
"NELFB",12,17,13,15,23,11
"NENF",15,19,13,26,12,20
"NES",0,2,1,0,0,0
"NEU3",53,50,44,19,21,25
"NEUROD6",0,0,0,1,0,0
"NEXN-AS1",3,0,0,0,6,0
"NFIA",30,54,62,6,2,11
"NFIB",3,1,1,2,2,3
"NFYC",282,229,285,172,226,159
"NFYC-AS1",109,98,141,98,69,100
"NGDN",228,181,123,364,248,385
"NHP2L1",428,259,415,208,521,231
"NHS",34,25,8,3,0,2
"NIFK-AS1",39,45,80,51,78,50
"NIM1K",5,3,12,1,2,3
"NINJ1",497,526,245,222,174,199
"NIPA1",203,122,218,120,249,103
"NIPBL",2898,2674,2162,2440,2474,2332
"NIPSNAP3B",26,22,23,30,47,18
"NISCH",198,147,205,119,150,90
"NKAIN1",0,1,0,0,0,0
"NLGN3",20,17,47,24,43,22
"NLRC3",140,204,362,46,48,58
"NLRP3",2867,2913,567,244,46,65
"NLRP6",1,1,1,3,6,3
"NLRP8",0,0,1,0,0,0
"NMRAL1",30,15,28,8,12,12
"NOC2L",20,17,11,33,31,32
"NOL10",170,145,210,332,373,396
"NOLC1",702,462,427,691,899,932
"NOP14-AS1",19,33,37,44,37,34
"NOP2",209,182,154,141,163,165
"NOSTRIN",0,1,0,1,3,3
"NOVA1",1,0,0,0,0,2
"NPAS4",0,0,6,0,0,0
"NPIPA8",0,1,1,0,0,0
"NPM3",1,3,6,0,1,1
"NPNT",0,0,6,0,0,0
"NPTN-IT1",0,1,1,1,1,0
"NR2C2AP",23,8,62,21,40,17
"NR2E3",0,0,1,0,0,0
"NR3C1",1792,1676,1485,1918,2202,1872
"NR3C2",119,48,134,82,143,73
"NR4A1",1811,1570,1949,585,736,412
"NRDE2",20,28,45,34,27,31
"NRF1",105,73,147,125,137,105
"NRROS",287,220,418,160,205,235
"NSG1",13,19,8,18,21,11
"NTN5",2,0,1,1,1,1
"NTNG1",18,4,23,17,25,3
"NUDC",156,123,107,135,219,157
"NUDT15",68,43,59,45,50,28
"NUFIP1",20,41,53,31,40,44
"NUMB",1213,1080,830,290,273,244
"NUMBL",11,23,3,48,26,43
"NUP62CL",3,0,1,1,3,1
"NUP88",449,165,375,345,375,338
"NUTM2D",10,10,5,2,11,6
"NUTM2G",17,10,9,10,20,7
"NXN",0,0,0,0,2,3
"NYAP2",4,0,0,1,3,0
"OBSCN",33,27,128,17,24,18
"ODF2",178,146,129,84,85,57
"OIP5",1,0,1,1,4,1
"OLFML2B",2,3,0,2,0,1
"OLFML3",1,4,2,2,2,0
"OPRD1",0,0,0,1,0,0
"OPRL1",13,5,26,4,18,3
"OR10A4",0,0,1,0,0,0
"OR1J2",0,1,0,0,0,0
"OR2AG1",0,0,1,0,0,0
"OR2C1",0,0,1,5,3,1
"OR2H2",4,0,3,1,1,3
"OR2T11",9,0,1,9,29,6
"OR4A15",0,0,2,0,0,0
"OR56B1",0,0,1,2,1,2
"OR6K2",0,0,1,0,0,0
"OR7A5",0,0,0,1,0,0
"OR8G1",0,1,0,1,0,0
"OR8H2",0,0,1,0,0,0
"ORC1",7,11,31,8,10,9
"ORMDL2",41,34,31,48,84,52
"OSBP2",4,1,1,7,0,5
"OSBPL1A",37,134,321,13,4,4
"OSBPL2",205,177,222,147,126,125
"OSBPL3",287,239,251,333,527,214
"OSBPL6",0,1,0,1,1,0
"OSER1-AS1",8,10,25,8,12,7
"OSGEP",103,74,110,94,118,120
"OSGIN2",85,110,170,46,58,39
"OXER1",11,8,19,2,5,2
"P4HA1",218,155,142,86,150,98
"P4HB",245,294,289,110,95,99
"PABPN1",6,13,18,6,5,6
"PACSIN2",277,276,246,182,196,193
"PADI6",0,1,1,2,2,1
"PAK1",539,563,271,284,321,292
"PALD1",5,22,6,14,36,9
"PALLD",26,70,87,19,20,11
"PALM2",2,0,1,2,5,1
"PAPD5",530,621,482,378,270,342
"PAPPA-AS1",1,1,2,1,1,0
"PAQR4",2,3,0,1,2,0
"PAQR7",28,20,29,10,16,4
"PARD6B",26,25,51,26,41,28
"PARP14",3408,1491,2615,3133,3622,3283
"PARP16",40,24,17,12,23,13
"PART1",5,4,4,2,1,4
"PATZ1",108,50,134,95,120,106
"PBRM1",914,769,636,455,772,484
"PCBP1",1465,1509,1052,594,634,499
"PCBP3",1,3,0,0,3,1
"PCDHA13",0,0,1,0,0,0
"PCDHA2",0,0,1,0,0,0
"PCDHA7",0,0,3,0,0,0
"PCDHB2",0,1,3,1,1,0
"PCDHB4",0,1,3,2,0,0
"PCDHB5",0,0,1,0,0,0
"PCDHGA2",0,0,0,0,1,1
"PCDHGA9",0,0,1,3,2,1
"PCDHGB4",1,1,1,2,2,1
"PCDHGC3",4,4,18,3,3,3
"PCGF1",19,21,4,30,18,21
"PCMTD1",306,230,605,132,158,110
"PCNT",434,390,376,192,228,209
"PCNXL3",185,176,204,129,146,100
"PCOLCE2",1,0,0,1,0,0
"PCP2",1,1,0,0,1,2
"PCSK6",5,7,3,11,8,8
"PCSK9",1,0,0,1,0,0
"PDAP1",107,95,93,107,122,85
"PDCD4",2022,1859,1731,2044,2331,1793
"PDDC1",18,13,22,7,24,8
"PDE1B",27,34,17,16,16,26
"PDE2A",45,23,16,29,10,16
"PDE5A",54,24,48,45,106,44
"PDE6G",4,4,9,1,0,6
"PDIK1L",9,12,27,36,42,33
"PDSS1",81,79,64,13,30,11
"PEF1",82,65,82,63,94,77
"PELO",28,41,21,10,25,10
"PER3",52,112,161,46,34,34
"PERP",8,15,28,6,12,5
"PEX11B",37,43,62,83,133,90
"PEX2",127,116,175,166,194,154
"PFDN4",1,1,3,4,5,6
"PFKM",43,16,44,22,38,28
"PFN1P2",29,12,21,16,45,7
"PFN2",10,6,5,10,8,5
"PGD",522,821,705,141,155,124
"PGGT1B",65,85,85,126,108,146
"PGM1",79,72,94,29,44,26
"PGM3",153,101,162,169,168,158
"PHC3",1172,825,1303,1255,1454,1223
"PHF1",514,286,548,632,519,609
"PHF20",484,381,484,635,1263,747
"PHF21A",582,604,629,435,440,431
"PHKG2",60,53,87,46,50,40
"PI4KAP1",37,37,19,31,37,17
"PIF1",4,3,5,5,3,3
"PIGF",128,112,123,43,60,41
"PIGX",49,53,75,69,144,86
"PIKFYVE",1814,594,1026,833,1364,1092
"PINLYP",0,5,13,0,1,0
"PIP4K2B",176,165,183,33,79,56
"PIP4K2C",45,51,63,39,53,30
"PIP5K1A",611,581,437,457,493,405
"PITPNC1",83,153,260,11,14,27
"PITPNM2",70,49,61,21,43,37
"PKIB",3,21,4,0,3,0
"PKM",978,956,548,265,195,171
"PKN1",88,146,110,58,37,36
"PKN3",1,2,8,1,2,0
"PKP2",13,23,28,1,1,3
"PLA2G2D",2,0,4,0,0,0
"PLB1",18,37,16,9,8,10
"PLBD2",41,50,61,19,11,10
"PLEKHB2",840,849,774,381,466,374
"PLEKHG4",1,6,3,2,2,0
"PLEKHG6",10,10,13,4,1,0
"PLEKHS1",3,0,0,2,0,5
"PLGLA",0,0,0,1,0,0
"PLGLB2",9,13,26,7,63,2
"PLGRKT",19,28,18,18,16,20
"PMS2P1",54,24,27,37,63,40
"PNMA1",105,92,113,143,112,80
"PNMA3",0,2,5,2,1,1
"PNPLA4",7,1,6,4,12,5
"POLE",109,94,126,64,96,88
"POLE2",2,2,1,2,3,0
"POLR1B",48,45,71,107,173,108
"POLR2A",1901,2218,2214,845,1271,621
"POLR2E",78,58,100,27,48,36
"POLR2J",34,29,32,22,33,22
"POLR3D",23,19,11,46,54,43
"POP5",21,17,26,15,17,14
"POT1",28,39,40,24,48,25
"POU3F4",0,0,1,0,0,0
"PP2D1",7,10,20,9,11,9
"PPAN",4,4,15,21,12,14
"PPAPDC2",5,8,29,12,16,19
"PPARD",436,447,367,299,404,327
"PPARG",33,7,1,32,20,4
"PPFIA3",1,0,1,0,0,0
"PPIA",3375,2891,4463,1596,1949,2072
"PPIAL4D",0,1,0,0,0,0
"PPIB",188,295,356,164,114,193
"PPIL4",302,206,302,231,264,220
"PPL",11,11,39,8,18,10
"PPM1D",305,313,408,130,149,105
"PPM1J",3,12,1,3,0,1
"PPM1N",25,14,10,13,11,13
"PPME1",68,48,85,34,66,33
"PPP1R11",267,212,309,151,181,142
"PPP1R14B",27,35,48,23,26,22
"PPP1R16B",586,512,410,713,814,674
"PPP1R1B",0,0,5,0,0,1
"PPP1R2",388,345,433,305,277,332
"PPP1R26",5,7,5,1,6,2
"PPP1R27",0,1,0,0,0,0
"PPP1R32",0,3,2,0,0,1
"PPP1R36",1,5,20,0,1,0
"PPP2R1A",196,167,262,144,155,135
"PPP2R3A",45,33,68,19,48,16
"PPP3CA",944,540,841,295,329,266
"PPP3CB",256,283,308,96,200,104
"PPP5D1",2,2,4,0,1,0
"PPWD1",253,222,443,316,364,285
"PQLC2",19,11,15,9,11,6
"PQLC3",68,121,191,29,22,19
"PRC1",173,134,105,94,129,109
"PRDM10",109,120,87,42,99,51
"PRDM4",604,225,499,1130,1097,1925
"PRH1",0,0,2,0,0,0
"PRIM1",29,26,47,9,23,13
"PRKAB1",24,46,59,64,97,67
"PRKACB",225,252,432,81,95,84
"PRKAG2-AS1",23,17,5,6,8,11
"PRKCI",130,209,216,64,65,18
"PRKD1",34,0,0,1,6,3
"PRKG1",0,2,1,4,2,1
"PRKG1-AS1",1,0,0,0,1,0
"PRKX",1420,1106,2542,696,1144,732
"PRODH",0,1,0,0,0,0
"PRPF40A",691,742,740,642,914,827
"PRPF4B",1232,934,747,1169,1154,1213
"PRRG1",2,0,2,0,1,0
"PRRT3",3,2,4,5,6,2
"PRRX2",0,0,1,0,0,0
"PRSS36",0,0,1,0,0,0
"PSD2",4,2,5,0,2,0
"PSIP1",337,288,376,181,387,214
"PSKH1",13,16,17,12,29,13
"PSMA4",331,341,255,194,248,197
"PSMA7",410,419,309,290,358,240
"PSMB3",73,85,81,42,70,29
"PSMB6",94,97,29,98,105,83
"PSMB9",223,261,374,111,139,92
"PSME1",765,835,647,400,333,431
"PSMG1",25,50,65,14,13,15
"PSMG3",31,23,14,23,47,37
"PSTK",10,8,12,20,15,24
"PTDSS1",302,275,253,197,231,171
"PTH1R",0,0,0,1,0,0
"PTP4A2",1876,2607,2955,906,952,760
"PTPLAD1",133,98,93,104,187,109
"PTPN21",0,0,0,0,3,0
"PTPN23",74,65,31,65,87,43
"PTPN9",53,99,59,31,39,34
"PTPRD",0,3,0,2,0,3
"PTTG1",34,55,86,9,9,9
"PUF60",116,79,129,84,93,85
"PUM2",1556,1260,1479,1028,1468,873
"PVR",25,44,0,2,4,1
"PVRIG",35,18,37,35,62,23
"PVRL3",2,8,7,6,11,9
"PWAR5",99,88,266,54,138,77
"PYCARD",31,52,33,11,4,6
"PYCR1",1,1,0,0,0,0
"PYGL",175,240,89,29,9,18
"QPRT",1,6,0,0,0,1
"QSOX1",133,133,65,43,35,25
"RAB10",696,613,463,230,322,166
"RAB11FIP2",159,144,135,238,269,257
"RAB11FIP5",22,9,25,9,12,3
"RAB18",180,187,167,165,195,196
"RAB23",31,20,37,30,47,19
"RAB30-AS1",11,10,5,7,12,8
"RAB3B",3,0,2,0,2,0
"RAB3GAP2",288,210,330,485,593,456
"RAB44",23,75,78,11,7,2
"RABL6",48,66,37,35,56,44
"RACGAP1P",0,0,1,0,0,0
"RAD1",115,76,156,111,163,81
"RAD51",9,7,27,5,18,11
"RALB",179,216,134,61,41,52
"RALGAPA1",1283,657,787,415,817,395
"RALGAPB",740,567,921,645,896,597
"RAP1GAP",0,0,0,2,1,6
"RAP2B",967,1235,1070,578,443,350
"RAPGEF4",2,3,3,0,1,0
"RAPH1",215,400,54,87,79,14
"RARA-AS1",11,10,28,15,7,15
"RASA3",423,530,629,173,375,229
"RASA4",9,27,21,10,11,8
"RASAL2",9,27,6,4,2,4
"RASGEF1A",14,30,12,7,4,3
"RASGRF1",44,8,23,4,45,2
"RASSF10",0,0,1,1,0,0
"RASSF4",96,83,88,3,4,11
"RBAK",120,88,103,158,204,170
"RBBP7",395,322,342,359,364,436
"RBBP9",73,59,54,115,185,122
"RBM12B-AS1",15,15,21,17,18,15
"RBM15",188,124,156,147,174,175
"RBM17",442,274,421,582,626,676
"RBM20",0,0,6,3,0,2
"RBM27",687,604,475,726,759,759
"RBM28",119,112,103,178,201,129
"RBM39",5666,4414,4742,3486,3488,4205
"RBM45",13,11,49,26,16,18
"RBM5",1649,1143,877,1207,1518,1166
"RBMS2",187,129,146,166,139,118
"RCAN2",0,0,4,0,3,2
"RCAN3AS",1,0,0,0,1,1
"RCBTB1",141,131,192,141,124,55
"RCN2",322,143,291,514,588,908
"RCOR3",177,217,201,201,248,180
"RDH10",40,92,150,19,26,26
"REC8",68,62,45,36,19,46
"RELA",408,361,272,308,324,286
"RELL1",109,234,164,84,50,96
"RELT",399,359,304,165,207,161
"REPIN1",225,206,250,361,361,438
"RERE",596,405,744,361,402,415
"REXO1L1P",0,0,0,0,0,1
"RFC1",172,211,269,217,237,226
"RFC3",33,22,27,61,62,68
"RFC5",13,27,7,19,33,14
"RFWD2",318,291,329,136,157,128
"RGCC",152,163,123,242,68,132
"RGL3",3,0,0,2,3,0
"RGL4",31,26,30,14,8,20
"RGPD2",13,4,44,14,157,36
"RGPD4",25,6,7,5,19,15
"RGS10",43,73,66,32,27,29
"RGS14",15,19,25,6,1,4
"RGS9",2,4,4,2,5,4
"RHBDF2",235,102,119,128,244,194
"RHBDL3",2,1,1,2,7,1
"RHD",1,14,31,6,15,5
"RHOG",765,545,541,508,533,529
"RHOV",1,1,4,0,0,0
"RILP",6,16,13,7,4,2
"RIMKLB",233,82,331,238,133,160
"RIPK1",402,506,440,373,416,303
"RIPK4",0,1,11,1,0,2
"RMDN1",110,113,85,94,146,79
"RN7SL1",225,266,612,185,218,167
"RNASEH1-AS1",10,1,15,12,19,4
"RND2",0,1,0,1,2,1
"RNF113B",0,0,2,0,0,0
"RNF130",287,403,229,81,56,40
"RNF138",229,158,173,184,189,214
"RNF138P1",30,16,58,24,46,32
"RNF146",64,39,79,53,110,23
"RNF149",462,584,268,150,186,168
"RNF152",31,31,1,43,17,5
"RNF169",531,487,568,369,425,360
"RNF17",0,0,1,1,1,0
"RNF19B",845,1180,773,238,113,137
"RNF2",109,116,65,83,99,82
"RNF212",0,2,1,0,2,2
"RNF216",420,350,382,420,610,375
"RNF216-IT1",2,0,0,0,0,0
"RNF39",4,2,17,3,3,4
"RNPEP",77,130,111,28,23,18
"RNPEPL1",72,91,46,39,59,49
"RNU2-2P",0,0,0,0,0,1
"RNVU1-7",0,0,0,0,1,0
"ROBO2",0,0,1,0,0,0
"RP1-1J6.2",72,65,47,25,30,17
"RP1-234P15.4",1,3,18,3,5,1
"RP1-256G22.2",6,1,2,0,0,3
"RP11-10L7.1",0,2,0,1,2,0
"RP11-112H10.4",0,0,0,1,0,0
"RP11-119F19.2",55,49,64,46,94,57
"RP11-219G17.4",0,1,0,0,0,1
"RP11-222A5.1",1,3,0,0,0,0
"RP11-234B24.2",0,0,1,2,4,1
"RP11-307C12.11",1,0,0,0,0,1
"RP11-344E13.3",0,1,0,0,0,0
"RP11-379J5.5",3,3,9,7,32,7
"RP11-387D10.3",2,1,0,1,0,0
"RP11-3P17.4",3,1,0,1,3,2
"RP11-418J17.1",13,2,18,6,7,5
"RP11-420A23.1",2,1,0,0,4,2
"RP11-439L8.4",3,8,23,1,1,0
"RP11-44F21.3",16,1,6,7,27,15
"RP11-450K4.1",7,4,2,1,2,0
"RP11-452H21.4",35,37,12,9,14,7
"RP11-454P21.1",1,1,0,0,0,0
"RP11-462G22.1",16,25,2,5,0,2
"RP11-466F5.8",1,2,0,2,0,1
"RP11-475O6.1-2",2,0,0,2,5,0
"RP11-47I22.2",9,22,22,4,0,0
"RP11-54O15.3",0,0,1,1,2,3
"RP11-586D19.1",0,1,0,0,0,0
"RP11-58E21.4",0,0,1,1,1,3
"RP11-696N14.1",24,6,14,12,8,12
"RP11-70F11.8",0,0,0,1,0,0
"RP11-770J1.3",0,0,0,0,1,0
"RP11-829H16.3",49,30,24,22,58,36
"RP11-843A23.1",0,0,1,0,3,0
"RP11-863K10.2",0,0,3,0,0,0
"RP11-887P2.5",2,2,5,1,3,0
"RP11-95P2.1",2,4,5,1,4,4
"RP3-400N23.6",7,3,11,9,8,5
"RP3-416J7.4",0,3,3,0,0,0
"RP3-522P13.3",0,1,0,0,0,0
"RP4-669L17.10-2",0,1,0,1,1,1
"RP5-1024G6.5",1,3,1,1,1,3
"RP5-1043L13.1",0,0,0,1,0,0
"RP6-206I17.2",81,59,80,30,117,44
"RPA3",21,10,17,38,38,35
"RPEL1",0,0,0,0,1,0
"RPL10A",2079,1399,2042,2221,2017,2612
"RPL13AP5",226,160,152,149,201,218
"RPL23AP82",6,6,1,4,5,2
"RPL32",1401,959,1293,1521,1504,1762
"RPL35A",1733,1391,1569,1864,1846,2309
"RPL39",735,525,785,763,758,883
"RPL4",5427,4719,4839,4941,5078,5956
"RPP25",3,4,6,2,1,3
"RPP30",49,64,76,114,143,108
"RPPH1",32,59,173,47,64,56
"RPS17",880,815,1023,1236,1055,1564
"RPS25",4406,3033,6186,4488,4626,6071
"RPS4X",6716,3511,5042,4045,5653,7640
"RPS6KC1",116,139,155,30,18,17
"RQCD1",393,198,267,267,356,345
"RRBP1",166,230,89,69,65,40
"RRP36",28,26,42,23,57,31
"RRP8",53,28,51,45,64,46
"RSG1",0,1,5,0,2,0
"RSPH10B2",1,0,0,0,0,0
"RTCA",147,170,128,147,155,131
"RTEL1",4,6,0,0,2,2
"RUNDC3B",1,8,6,3,14,0
"RWDD2A",16,6,16,7,4,14
"RYR2",1,0,0,0,2,0
"S100A10",748,1085,431,308,153,104
"SALL2",3,2,0,5,2,0
"SAMD1",10,11,18,4,2,4
"SARDH",0,1,1,1,0,0
"SART1",125,131,95,155,188,204
"SAV1",754,463,303,348,529,506
"SBK2",0,0,1,0,0,0
"SCAF1",9,13,29,25,23,17
"SCAF4",929,957,823,568,587,456
"SCAND2P",23,14,67,35,77,25
"SCARA3",0,0,1,0,0,0
"SCARA5",1,1,0,0,0,0
"SCARNA2",1,2,3,2,1,1
"SCARNA7",4,5,6,3,0,3
"SCD5",6,4,1,1,0,2
"SCG2",0,0,10,0,1,1
"SCGB1D1",0,0,1,0,0,0
"SCML1",165,135,98,119,101,117
"SCN4B",1,4,14,8,0,0
"SCN9A",24,82,90,5,0,5
"SCPEP1",420,320,218,130,135,126
"SDC4",162,118,23,26,26,11
"SDE2",1382,1157,972,386,407,440
"SDS",12,12,0,23,9,0
"SEC11A",367,535,426,192,249,188
"SEC14L1",489,650,801,534,901,672
"SEC16B",0,1,1,0,0,0
"SECISBP2L",761,396,642,821,796,922
"SELM",4,2,6,3,0,4
"SEMA4A",191,372,127,50,24,25
"SEMA4B",168,79,97,135,116,86
"SEMA4C",21,46,75,10,7,2
"SEMA5B",0,0,0,1,0,0
"SEMA6B",69,53,33,24,33,6
"SENP6",506,518,474,527,630,388
"SEPT1",54,44,125,14,28,23
"SEPT10",0,2,14,4,3,1
"SEPT3",2,15,3,1,1,1
"SEPT8",22,18,30,6,28,13
"SERHL",2,0,0,1,1,2
"SERINC3",974,761,954,665,689,675
"SERPINA10",0,0,0,0,0,1
"SERPINE1",1,13,13,20,8,1
"SERPINE2",17,17,0,16,16,17
"SETD8",122,93,169,112,143,85
"SETSIP",0,0,3,0,0,0
"SF1",1214,898,1416,1170,1202,1093
"SF3B3",533,412,529,720,986,722
"SFRP5",1,0,0,0,0,0
"SFSWAP",322,316,239,406,462,404
"SGCA",2,0,0,2,0,1
"SGMS1",434,298,182,60,53,57
"SGMS2",125,166,21,14,16,5
"SGSM1",5,5,18,4,8,5
"SGSM2",78,41,70,62,70,64
"SH2D1B",52,138,68,19,4,27
"SH2D2A",10,27,42,12,13,14
"SH2D4A",7,3,1,1,4,0
"SH2D7",1,0,0,1,0,0
"SH3BGRL3",1969,2351,1861,755,620,652
"SH3RF1",46,75,15,28,29,34
"SH3TC1",62,59,108,102,70,99
"SHANK1",0,4,2,0,0,0
"SHFM1",50,90,167,31,71,33
"SHISA6",0,0,0,0,0,1
"SHISA9",0,2,1,0,0,0
"SHMT1",24,20,28,19,13,11
"SIDT2",723,725,489,323,244,218
"SIRPA",470,482,180,269,268,160
"SIRPG",3,15,43,1,1,0
"SIX1",0,0,0,2,0,0
"SLA",360,576,268,381,365,233
"SLC16A1",189,180,202,93,124,90
"SLC17A5",292,130,206,43,37,23
"SLC19A2",84,85,93,33,50,36
"SLC1A1",0,0,0,1,1,1
"SLC22A18",31,12,7,4,0,2
"SLC22A7",1,0,0,0,4,0
"SLC25A2",4,1,0,3,5,5
"SLC25A38",105,83,156,148,148,179
"SLC25A43",68,45,35,17,27,24
"SLC25A45",20,32,80,14,39,16
"SLC25A46",75,75,102,108,158,84
"SLC25A6",1191,1144,1338,668,721,873
"SLC2A14",0,0,24,0,1,13
"SLC30A1",103,158,104,44,41,23
"SLC31A2",116,124,61,43,41,23
"SLC34A1",0,0,1,0,0,0
"SLC35D1",625,517,694,419,500,288
"SLC35D3",0,0,0,2,1,0
"SLC35E1",214,221,305,169,248,143
"SLC35G1",4,3,0,2,3,0
"SLC36A1",125,158,170,38,93,19
"SLC38A2",6578,7213,8889,1412,1431,1308
"SLC39A13",30,41,12,17,10,16
"SLC39A14",65,48,65,22,29,14
"SLC39A6",173,193,152,175,156,143
"SLC43A1",3,4,15,3,1,2
"SLC43A3",845,1055,289,148,75,57
"SLC45A3",17,61,125,10,11,9
"SLC46A2",1,11,2,1,0,0
"SLC48A1",64,46,71,65,141,82
"SLC4A5",128,158,177,39,61,41
"SLC51A",1,0,0,0,0,0
"SLC5A10",3,1,0,3,0,0
"SLC5A5",0,2,0,0,2,0
"SLC7A1",370,398,396,374,578,422
"SLC7A6",504,393,734,337,617,314
"SLC7A8",8,50,23,2,4,1
"SLC8A1",225,491,198,41,19,20
"SLC8A2",2,3,0,0,0,0
"SLC8A3",1,4,4,3,8,1
"SLC8B1",94,159,74,69,51,30
"SLC9A8",411,390,284,473,464,410
"SLC9A9-AS1",3,0,3,1,0,0
"SLCO5A1",23,5,16,41,23,22
"SLFN13",144,170,260,81,207,131
"SLITRK1",0,0,1,2,0,0
"SLITRK2",0,0,1,0,0,0
"SLTM",1222,1117,1053,1102,1316,968
"SMAD5",107,115,208,157,224,144
"SMARCAL1",32,38,55,16,25,7
"SMARCB1",71,76,50,32,66,25
"SMC4",467,407,557,381,438,410
"SMDT1",105,45,199,103,163,186
"SMG8",21,26,39,51,73,57
"SMG9",79,44,55,33,59,38
"SMIM19",39,46,55,72,78,50
"SMIM7",45,47,70,25,46,21
"SMIM8",19,10,11,12,30,8
"SMOC2",1,0,1,1,1,0
"SMPD1",31,21,66,37,64,38
"SMPD3",13,44,72,5,6,4
"SMPDL3A",31,38,27,27,7,6
"SNHG12",89,69,191,76,80,79
"SNHG16",1040,668,1061,909,1052,1218
"SNHG7",39,21,22,41,44,74
"SNORA48",4,1,4,2,0,1
"SNORA70G",3,4,0,2,4,2
"SNORA74A",0,0,0,0,1,0
"SNORA74B",1,0,0,0,0,0
"SNORA9",0,0,0,1,0,0
"SNORD10",0,0,0,1,2,0
"SNPH",4,5,13,3,8,3
"SNRPC",19,28,32,32,36,50
"SNRPD3",161,134,262,102,193,97
"SNUPN",34,23,51,13,11,11
"SNW1",358,372,353,312,284,348
"SNX11",65,31,86,75,111,72
"SNX12",128,128,161,143,144,118
"SNX24",6,10,22,2,6,3
"SNX29P1",21,5,15,20,20,42
"SNX30",175,313,183,97,79,77
"SNX9",1719,670,1001,2785,3509,3806
"SOBP",12,1,0,3,2,11
"SOCS2",40,440,814,21,5,20
"SOSTDC1",0,0,0,1,0,0
"SOWAHA",0,0,3,0,0,0
"SOWAHD",5,2,16,0,2,0
"SOX5",160,43,101,63,63,66
"SOX9",0,0,0,0,0,2
"SPAG17",2,0,0,1,4,0
"SPAG7",38,52,35,25,42,26
"SPAG9",2657,2120,748,607,516,316
"SPATA21",64,43,58,34,35,35
"SPATC1L",4,5,10,0,0,1
"SPATS2",46,29,61,5,13,18
"SPC24",0,0,0,0,0,1
"SPDYE2B",14,6,25,5,24,9
"SPIN2B",6,4,2,4,19,8
"SPIRE1",52,45,54,56,31,9
"SPOCK3",0,2,0,0,0,0
"SPP1",1,9,0,2,1,1
"SPPL2A",347,241,279,273,325,281
"SPRED1",20,29,10,12,9,6
"SPTLC3",3,8,2,1,2,0
"SREK1IP1",78,86,81,93,79,46
"SRGAP1",25,27,11,7,21,6
"SRGAP2C",21,20,35,11,11,11
"SRP14",725,693,963,606,531,674
"SRP9",181,145,72,132,198,130
"SRPX",1,4,0,1,1,0
"SRRM2",10950,7150,8291,7405,8585,7433
"SSBP2",189,141,167,95,88,105
"SSBP4",16,14,11,1,5,5
"SSH3",9,30,15,5,4,3
"SSPO",4,5,1,0,0,0
"SSR1",982,1294,1018,582,887,552
"SSSCA1-AS1",9,11,13,12,10,8
"ST13",1289,1061,770,558,688,700
"ST3GAL6",109,208,59,40,8,8
"ST6GALNAC5",0,0,1,2,2,1
"ST8SIA6",4,13,17,2,1,1
"STAG3",38,8,44,36,75,43
"STAG3L1",3,4,8,1,4,4
"STAG3L3",6,5,5,4,8,6
"STARD13",4,11,3,3,1,0
"STARD7-AS1",31,22,13,7,15,3
"STAT5B",390,492,586,217,217,220
"STBD1",1,1,4,0,0,0
"STEAP1B",32,1,26,20,7,20
"STEAP3",7,12,6,0,3,4
"STIM1",297,211,232,141,146,169
"STIP1",529,448,305,104,130,81
"STK11IP",32,43,36,24,37,21
"STK38L",232,323,112,161,138,114
"STK4",1987,1901,2331,1405,2208,1432
"STL",3,0,0,2,0,0
"STMN4",0,0,0,0,2,1
"STOML2",42,53,56,38,74,69
"STRA13",13,6,17,7,0,4
"STRAP",438,321,251,488,486,515
"STRC",1,1,11,0,0,3
"STX2",88,45,133,69,79,39
"STX4",422,272,122,136,116,120
"STX7",482,335,401,362,491,273
"SUCLA2",64,63,47,80,92,59
"SUDS3",232,190,233,175,231,181
"SULT2A1",0,0,1,0,0,0
"SUMO1P3",107,62,96,69,88,46
"SUN2",379,523,542,136,187,127
"SUPT16H",423,337,301,632,811,549
"SUPT3H",39,34,52,16,14,11
"SUPT5H",249,176,117,246,319,251
"SURF2",21,11,44,16,27,16
"SUSD1",128,223,220,37,35,32
"SUSD2",1,9,9,0,1,1
"SUSD4",3,9,3,2,1,0
"SUV39H1",38,27,47,45,56,44
"SYN1",21,32,16,21,10,0
"SYNE1",1345,2139,1104,287,252,517
"SYNE2",1478,2157,1927,942,847,1195
"SYNJ2",424,346,253,255,333,304
"SYNJ2-IT1",1,0,0,0,0,4
"SYNM",11,25,116,14,14,15
"SYT7",0,0,0,0,0,2
"SYTL4",3,1,0,4,7,2
"SZRD1",475,419,363,351,345,317
"TAAR6",0,0,1,1,0,0
"TAB3",482,380,622,450,446,420
"TADA3",37,54,70,30,32,4
"TAF13",32,56,112,22,31,29
"TAF1L",2,0,3,3,2,1
"TAF5L",260,142,235,299,185,308
"TAF7L",1,3,0,0,1,1
"TAGAP",1716,1316,1109,1296,826,1273
"TANGO6",96,64,44,21,56,25
"TAS2R40",0,0,12,0,1,1
"TAS2R46",5,1,0,3,17,5
"TBC1D14",179,167,293,130,123,136
"TBC1D17",14,16,53,16,27,13
"TBC1D25",144,110,199,135,97,87
"TBC1D32",45,40,24,16,28,20
"TBCB",44,58,84,43,58,48
"TBL1X",304,323,448,194,286,199
"TBX2",1,0,0,0,0,0
"TBX20",1,0,0,0,0,0
"TCAIM",36,42,50,39,60,37
"TCEAL3",21,13,0,11,31,8
"TCEAL6",0,0,1,0,0,0
"TCF20",656,439,587,510,676,490
"TCF24",0,1,0,0,0,0
"TCOF1",118,79,75,120,102,159
"TCP10L",2,0,0,1,0,0
"TCP11L1",83,64,60,42,82,35
"TCTEX1D2",0,2,4,4,1,2
"TDRD6",29,21,6,10,7,0
"TDRKH",16,12,28,3,11,8
"TECPR2",51,51,62,30,26,14
"TENM1",25,33,27,7,5,6
"TENM3",1,2,2,0,0,0
"TERF2",135,131,193,134,238,131
"TESK2",87,39,121,71,60,40
"TEX15",0,1,0,0,0,0
"TEX21P",4,1,1,1,5,0
"TF",1,3,0,0,0,4
"TFAM",125,93,129,197,223,247
"TFCP2L1",1,12,4,2,6,2
"TFPT",28,29,44,9,8,14
"TGM4",0,2,0,4,2,5
"THAP3",27,22,23,24,41,35
"THAP9-AS1",565,663,477,496,403,482
"THEMIS2",354,491,237,238,399,230
"THNSL1",3,4,14,12,27,5
"THRA",79,103,86,34,16,24
"THRAP3",1079,815,1172,1308,1410,1220
"THRSP",0,0,0,0,1,1
"THUMPD2",30,24,30,77,60,101
"TIGD6",15,18,10,19,18,11
"TIGIT",42,33,47,26,96,21
"TIMM17A",227,186,185,187,177,211
"TIMM21",68,31,34,85,93,97
"TIMMDC1",96,79,124,57,119,54
"TIMP3",9,5,37,4,10,14
"TIMP4",0,0,0,1,0,0
"TK2",29,54,33,19,16,13
"TLE1",258,119,195,340,597,403
"TLE3",616,532,575,973,689,546
"TLE4",666,859,671,612,490,521
"TLK1",658,492,606,641,839,627
"TLN2",6,3,1,2,0,1
"TLR2",3334,2212,399,372,340,159
"TLR4",932,1274,1205,241,126,67
"TLX1",0,0,4,0,0,0
"TM4SF20",0,0,1,2,12,0
"TM7SF3",88,103,137,42,100,64
"TM9SF2",675,696,741,553,520,475
"TM9SF4",230,256,233,223,218,171
"TMC2",0,0,1,0,0,0
"TMCO2",1,0,0,0,0,0
"TMED11P",0,0,0,0,2,0
"TMEM101",9,16,0,4,10,2
"TMEM129",19,30,13,35,68,54
"TMEM136",0,2,0,1,0,0
"TMEM14B",57,74,94,44,53,35
"TMEM151A",0,2,0,0,0,0
"TMEM159",41,14,23,31,26,27
"TMEM164",70,175,455,43,23,35
"TMEM167B",359,341,347,308,244,250
"TMEM178A",2,1,0,0,0,0
"TMEM182",3,2,16,1,7,4
"TMEM2",2883,1973,2432,2559,4627,3291
"TMEM221",0,0,0,1,0,0
"TMEM223",5,6,6,17,23,12
"TMEM249",0,0,1,0,0,0
"TMEM254",38,36,27,17,35,15
"TMEM258",27,39,37,19,28,18
"TMEM31",0,1,0,0,0,2
"TMEM5",31,41,46,20,39,26
"TMEM52",0,1,0,0,0,0
"TMEM66",2278,1818,1863,2120,2636,2505
"TMEM69",36,45,51,94,111,132
"TMEM86B",12,11,15,4,14,4
"TMEM9",15,7,16,5,6,3
"TMOD3",490,511,601,195,355,164
"TNF",1350,4037,745,208,118,104
"TNFRSF18",16,6,6,33,38,27
"TNFRSF19",4,3,5,6,1,4
"TNK2",87,54,59,52,91,50
"TNPO3",263,228,308,194,314,221
"TNRC18",118,163,109,98,136,80
"TNS3",387,209,166,69,105,115
"TOB1-AS1",0,2,0,0,2,0
"TOLLIP",84,83,110,52,67,49
"TOMM20L",0,2,1,0,2,0
"TOMM40",14,17,42,21,19,16
"TOP1MT",29,19,45,8,20,15
"TOP2B",2252,1648,2068,1399,1575,1279
"TOR4A",33,63,86,6,14,4
"TP53BP1",284,174,211,340,278,242
"TP53I11",236,141,131,260,367,263
"TP53INP2",932,1068,1098,565,408,381
"TPBG",5,2,3,0,0,1
"TPH1",3,2,2,14,7,7
"TPT1-AS1",14,14,22,2,2,4
"TPTE2P5",4,4,4,3,8,3
"TPTEP1",12,20,1,6,1,8
"TPX2",9,15,59,6,6,8
"TRAF6",285,262,276,419,361,398
"TRAPPC11",152,149,152,215,306,208
"TRAPPC2",45,68,66,66,140,99
"TREML4",7,12,4,2,2,2
"TRIB2",171,92,258,95,65,120
"TRIM26",486,329,316,378,427,378
"TRIM39",1047,471,375,443,368,518
"TRIM45",2,4,11,8,4,3
"TRIM49D2P",0,0,1,0,0,0
"TRIM52-AS1",23,11,45,38,7,30
"TRIM6",3,0,1,0,1,0
"TRIM7",7,4,5,0,1,1
"TRIM9",2,3,0,0,2,0
"TRMT10A",18,15,14,11,28,14
"TRMT11",62,37,44,53,69,54
"TRMT12",40,24,68,32,53,26
"TRO",3,6,7,2,1,7
"TRPC4AP",160,139,148,161,164,132
"TRPM7",985,721,1057,1167,1716,1465
"TSACC",2,4,11,0,4,1
"TSC2",96,78,155,33,51,34
"TSC22D1-AS1",7,11,10,8,6,6
"TSHZ3",27,35,10,6,3,5
"TSPAN15",0,0,1,1,0,0
"TSPAN5",21,12,13,12,26,9
"TSPO",93,85,51,17,11,9
"TST",6,9,3,0,4,0
"TSTA3",14,16,27,12,27,7
"TTC3",3133,1188,1694,2141,3706,2314
"TTC33",94,66,91,50,71,38
"TTC36",0,0,0,1,0,0
"TTC7A",305,231,270,457,632,643
"TTLL10",0,1,1,1,1,1
"TTLL9",8,7,0,3,5,7
"TUBGCP6",82,41,96,64,72,78
"TUG1",2140,1585,1768,1538,1414,1511
"TVP23C",53,74,144,20,76,15
"TXLNG",1118,493,980,571,988,936
"TXLNG2P",0,126,0,141,0,0
"TXN2",33,51,130,41,47,28
"TXNDC12",159,207,195,101,130,114
"TXNL4A",69,36,79,42,45,53
"TYRP1",0,0,1,0,0,0
"U2SURP",861,783,1008,1282,1333,1365
"UBALD1",16,13,18,7,5,6
"UBE2D4",58,35,35,62,88,87
"UBE2G1",608,520,601,474,479,429
"UBE2S",102,111,103,23,20,13
"UBE3B",222,160,247,173,233,172
"UBE4A",574,483,712,641,780,578
"UBE4B",315,345,547,243,278,203
"UBL7",52,59,27,31,40,40
"UBOX5",7,3,4,15,33,30
"UBR5",2102,1536,1337,1426,1653,1378
"UBTD2",166,130,85,28,44,13
"UBXN2A",39,55,152,59,46,54
"UBXN2B",248,251,293,242,242,121
"UCHL1",1,7,0,0,0,3
"UCP3",7,7,25,6,8,4
"UFSP2",133,80,114,81,119,63
"UGT1A5",0,0,3,0,0,0
"UHMK1",902,866,710,867,1405,1054
"ULBP1",30,20,14,13,20,18
"ULK1",95,105,95,72,59,74
"UNC5A",2,1,0,0,0,0
"UNC79",2,1,15,2,0,0
"UNC93B1",28,35,46,19,18,13
"UPF2",583,475,545,314,705,385
"UQCRB",323,346,440,185,221,178
"URAHP",2,0,1,1,1,0
"URM1",34,22,17,39,48,47
"USP24",2487,1595,1838,1904,3475,2479
"USP27X",28,7,15,23,20,13
"USP34",3259,2243,2782,1717,3220,1774
"USP41",1,0,0,0,0,0
"USP49",99,128,177,198,138,130
"UTP18",108,100,86,88,85,88
"UTY",0,796,0,715,1,1
"VAMP2",191,171,433,331,205,338
"VAV2",190,60,100,67,76,91
"VCAM1",0,1,1,0,3,0
"VCP",672,628,515,421,538,362
"VCX3A",0,0,1,0,0,0
"VEZF1",593,630,582,688,634,507
"VPRBP",488,383,372,347,437,336
"VPREB3",52,5,80,16,17,47
"VPS26A",382,360,368,200,182,229
"VPS37A",111,127,138,83,176,74
"VPS37B",596,339,579,245,406,334
"VPS4B",726,687,538,584,726,638
"VPS9D1",11,15,24,6,9,5
"VSIG1",1,6,32,11,28,10
"VSTM4",4,5,22,0,1,0
"VSX1",0,1,0,1,0,0
"VTCN1",1,0,0,0,0,0
"VTI1B",96,96,93,110,108,115
"WARS2",53,36,26,50,90,72
"WASF3",12,0,29,9,14,5
"WASL",134,108,83,76,98,72
"WDFY3",523,604,188,73,44,37
"WDFY4",1204,564,894,662,793,851
"WDR19",202,70,156,270,187,216
"WDR20",190,144,209,162,154,142
"WDR25",7,9,3,5,5,8
"WDR33",585,526,677,418,704,460
"WDR37",158,114,122,95,131,106
"WDR47",529,514,646,264,258,233
"WDR52-AS1",0,1,3,0,0,0
"WDR7",379,364,445,133,197,146
"WDR74",263,80,330,373,210,289
"WDR77",75,75,112,78,174,90
"WDR81",21,52,22,13,37,19
"WDR86-AS1",0,1,1,1,7,4
"WDR91",114,92,70,169,227,153
"WEE2-AS1",3,2,12,9,11,10
"WFDC5",0,1,0,0,0,0
"WFIKKN1",1,1,0,0,0,1
"WHSC1",297,197,293,179,263,106
"WNT10A",39,26,17,35,81,23
"WWC2",50,62,18,5,5,3
"WWP1",150,201,324,85,127,97
"XG",2,0,0,0,0,0
"XPO4",437,348,561,836,970,735
"XPO5",143,89,125,89,170,113
"XRCC2",4,1,5,0,6,2
"XYLT2",12,8,35,11,13,11
"YAE1D1",11,17,18,20,31,20
"YARS2",58,29,65,32,76,48
"YEATS4",29,23,22,20,23,15
"YES1",179,873,794,43,12,39
"YIPF1",43,49,37,23,16,8
"YIPF6",170,156,192,137,201,82
"YME1L1",1898,1462,1879,1184,1291,1169
"YPEL3",91,79,131,59,83,52
"YRDC",97,60,74,58,60,66
"YTHDF2",290,206,239,193,244,216
"ZAR1L",0,0,0,0,0,1
"ZBTB20",1833,787,1526,693,2946,708
"ZBTB24",366,81,200,496,736,580
"ZBTB4",820,753,736,369,422,273
"ZBTB42",4,1,2,0,2,4
"ZBTB49",26,20,54,70,82,78
"ZC2HC1A",45,20,49,11,15,19
"ZC3H3",31,23,11,21,22,10
"ZC3H8",69,66,55,130,282,115
"ZC3HAV1",2375,2610,4228,1035,829,1075
"ZCCHC12",0,2,2,1,6,4
"ZCCHC16",0,0,2,1,0,0
"ZCCHC6",1820,1770,1162,931,958,655
"ZDHHC11B",1,1,1,3,2,3
"ZDHHC13",42,18,15,37,55,35
"ZDHHC17",184,148,147,181,228,163
"ZDHHC18",81,107,108,75,68,43
"ZDHHC6",320,259,301,381,425,420
"ZFP3",25,22,40,78,163,62
"ZFP36L1",3676,2229,2232,2304,2070,1809
"ZFP57",2,0,0,0,1,2
"ZFP64",11,11,32,5,16,8
"ZFPL1",11,15,8,13,16,18
"ZFYVE27",82,65,26,82,98,100
"ZFYVE9",11,14,7,9,9,5
"ZIC1",0,0,1,0,0,0
"ZMAT5",5,13,4,5,1,2
"ZMIZ1",1033,1477,962,776,659,408
"ZMYND8",150,109,238,96,112,125
"ZNF100",202,91,249,117,182,119
"ZNF106",1149,1240,1103,380,406,332
"ZNF140",150,48,100,74,153,83
"ZNF154",261,66,317,286,541,264
"ZNF165",521,140,358,111,157,161
"ZNF174",10,11,35,5,8,7
"ZNF19",4,2,31,13,16,10
"ZNF200",45,107,97,62,85,52
"ZNF212",29,22,24,34,60,30
"ZNF219",13,22,8,4,3,1
"ZNF224",45,30,56,34,93,40
"ZNF225",9,11,7,34,55,4
"ZNF233",7,1,8,5,14,5
"ZNF236",280,223,369,233,320,233
"ZNF252P",54,32,33,23,79,34
"ZNF257",31,13,43,10,58,18
"ZNF26",98,74,141,203,223,249
"ZNF264",333,237,416,311,612,313
"ZNF274",131,58,107,158,167,141
"ZNF276",138,224,210,124,219,130
"ZNF282",4,13,10,15,23,13
"ZNF284",4,3,5,4,18,4
"ZNF292",1038,958,1311,1288,1511,1172
"ZNF316",73,55,65,54,69,41
"ZNF333",363,825,536,103,106,57
"ZNF345",13,17,44,20,42,10
"ZNF354A",42,37,49,51,88,38
"ZNF394",387,459,543,283,249,345
"ZNF398",70,68,128,121,165,71
"ZNF408",7,4,4,7,14,11
"ZNF416",41,12,30,49,59,50
"ZNF425",4,8,0,3,14,5
"ZNF441",21,7,12,36,61,32
"ZNF445",62,63,84,99,265,129
"ZNF45",29,38,15,47,102,47
"ZNF451",1013,689,1271,1259,1528,1315
"ZNF462",1,4,16,1,0,0
"ZNF470",26,9,8,25,75,22
"ZNF473",32,17,25,32,58,40
"ZNF486",41,20,68,60,62,50
"ZNF496",56,67,71,55,85,41
"ZNF518A",138,161,329,139,239,126
"ZNF524",3,4,0,1,0,1
"ZNF555",24,29,92,31,40,18
"ZNF562",129,106,256,213,311,230
"ZNF564",31,26,33,47,74,52
"ZNF594",16,10,39,22,52,8
"ZNF605",33,16,35,28,57,26
"ZNF622",97,134,90,91,64,86
"ZNF629",9,19,13,27,36,20
"ZNF638-IT1",80,43,43,74,137,47
"ZNF652",585,496,722,245,433,172
"ZNF671",33,9,40,57,113,48
"ZNF675",124,70,117,129,165,104
"ZNF677",2,1,5,4,14,6
"ZNF681",29,21,20,15,65,26
"ZNF7",124,75,176,199,201,187
"ZNF704",1,5,2,13,11,15
"ZNF714",48,57,197,37,96,76
"ZNF730",1,2,0,2,3,5
"ZNF737",71,30,131,257,438,235
"ZNF738",57,42,27,62,59,61
"ZNF75D",74,52,41,31,52,30
"ZNF766",42,40,32,84,135,124
"ZNF790",10,10,13,13,45,15
"ZNF792",26,64,138,9,6,9
"ZNF793",27,6,29,7,46,15
"ZNF8",22,13,16,19,31,18
"ZNF813",25,15,49,42,63,40
"ZNF878",6,3,3,2,2,2
"ZNF888",14,24,21,36,30,17
"ZNF92",277,192,199,328,296,342
"ZNF99",0,0,0,0,2,1
"ZNRF4",0,0,1,1,0,0
"ZSCAN20",3,2,5,0,2,2
"ZSCAN22",42,22,13,26,67,15
"ZSWIM8",212,245,285,181,212,197
"ZXDC",351,270,325,393,470,383
